"video_id","title","channel_title","category_id","tags","views","likes","dislikes","comment_total","thumbnail_link","date"
"WYYvHb03Eog","Apple iPhone X first look","The Verge",28,"apple iphone x hands on|Apple iPhone X|iPhone X|apple iphone x first look|iPhone X first look|apple iphone x event 2017|apple iphone x event|iPhone X price|iPhone X specs|iPhone X design|iPhone X camera|iPhone X home button|iPhone X wireless charging|iPhone X waterproof|iPhone X release date|iphone 2017|apple|iphone|ios 11|the verge|verge",2642103,24975,4542,12829,"https://i.ytimg.com/vi/WYYvHb03Eog/default.jpg",13.09
"tp9aQXDFHbY","Cats Can Be A Real Pain In The Grass - Simon's Cat | STORYTIME","Simon's Cat",15,"cartoon|simons cat|simon's cat|simonscat|simon tofield|simon the cat|funny cats|cute cats|cat fails|family friendly|animated animals|short animation|animated cats|tofield|simon's katze|simon|cat|black and white|kitty|traditional animation|black and white cat|<U+041A><U+043E><U+0442> <U+0421><U+0430><U+0439><U+043C><U+043E><U+043D><U+0430>|cat lovers|animal (film character)|funny cat|cats|cute|kitten|kittens|pets|simons cats|Cat|Simon|Tofield|cartoons|Toons|Animated|Animation|Kitten|Funny|Humour|fun|videos|animated cartoon",278386,9695,198,487,"https://i.ytimg.com/vi/tp9aQXDFHbY/default.jpg",3.1
"_5ZrSKpbdSg","Cassini's Last Looks at Saturn","NASA Jet Propulsion Laboratory",28,"NASA|Jet Propulsion Laboratory|JPL|space|exploration|planets|saturn|cassini|images|spacecraft|grand finale|rings|moons|planet",160225,2408,36,262,"https://i.ytimg.com/vi/_5ZrSKpbdSg/default.jpg",19.09
"lLAmL6Tz59Y","iPhone 8 Durability Test - BEND TEST - Glass Scratch Video!","JerryRigEverything",28,"iPhone 8|Apple iphone 8|iPhone 8 durability test|iPhone 8 scratch test|Iphone 8 bend test|apple|iPhone|Smartphone|tech|iphone 8 unboxing|iphone 8 hands on|iphone 8 review|how durable is the iphone 8|New iphone|ios|ios 11|technology|Mohs|Mohs hardness scale",1090470,33269,1364,4692,"https://i.ytimg.com/vi/lLAmL6Tz59Y/default.jpg",23.09
"8QgMh02JvS8","The $80 Smartphone Challenge","Austin Evans",28,"smartphone|challenge|gadgets|android|budget|cheap|tech|cool gadgets|unboxing|austin evans",396083,12221,463,1772,"https://i.ytimg.com/vi/8QgMh02JvS8/default.jpg",14.09
"VSrEIdhrXB4","How to Build a Teleporter with Aliens","minutephysics",28,"physics|minutephysics|science",284233,13370,471,1542,"https://i.ytimg.com/vi/VSrEIdhrXB4/default.jpg",1.1
"IMG0u0_cKNc","Here's what happens when two hurricanes collide","Tech Insider",28,"Tech Insider|TI|Tech|Science|Innovation|Digital culture|Design|Technology|Hurricane|Hurricane Irma|Hurricane Jose|Hurricane Irwin|Florida|Weather|Global Warming|Climate Change",148998,2123,101,435,"https://i.ytimg.com/vi/IMG0u0_cKNc/default.jpg",13.09
"uxI-8GTqDYA","How To Survive The Apocalypse  - Scientific Survival Tips","AsapSCIENCE",28,"Science|AsapSCIENCE|Survival|Nuclear War|North Korea|Donald Trump|How to survive nuclear war|surviving in the wild|survival tips that could save your life|zombie apocalypse|apocalypse|end of the world|how to survive|survival tips|how to stay alive in the woods|what if we have a nuclear war|wildnerness|alone in the wildnerness|stranded on an island|survivor|how do bacteria rule over your body|is reality real|in a nutshell|humans in 1000 years",698739,28075,612,2420,"https://i.ytimg.com/vi/uxI-8GTqDYA/default.jpg",9.1
"6IlVWeI_0yo","Audi Think Faster: Episode 2 Featuring Elizabeth Banks","Audi USA",2,"audi|audi tt rs|tt rs|think faster|audi think faster|adam scott|elizabeth banks|reddit|audi reddit|audi sport|audi sport reddit|2018 audi tt rs|audi usa|audi of america|luxury|automotive|luxury vehicle|luxury automotive|audi ttrs|ttrs|2018 ttrs|2018 tt rs|2018 audi ttrs|willow springs|mercedes|mercedes benz|bmw|lexus|motorsport|led|quattro|ama|ask me anything|rs|red rhombus|rhombus|sal masekela|fourclops|pretty bird",35312,178,42,51,"https://i.ytimg.com/vi/6IlVWeI_0yo/default.jpg",29.09
"83ZrTybo2t4","Dog Reunites With Best Friend | The Dodo","The Dodo",15,"animal video|animals|the dodo|Rescue|Animal Rescue|animal reunions|dog reunites|dog reunion|dog reunites with best friend|dog best friends|best friends|dogs|dog runion video|happy dog|good dog|dog friends|friends|best friend reunion|best friend videos|dog videos|funny dog videos|excited dog|pet reunions|best friends reunite",200441,5469,109,438,"https://i.ytimg.com/vi/83ZrTybo2t4/default.jpg",21.09
"Hg6L_7qLIEQ","TOYO TIRES | Ken Block’s Climbkhana: Pikes Peak Featuring the Hoonicorn V2","Toyo Tire USA Corp",2,"cars|climbkhana|gymkhana|drift|drifting|hoonigan|toyo tires|toyotires|pikespeak|pikes peak|racing|car|new|viral|google|instagram|facebook|hoonicornv2|hoonicorn|canyon|touge|how to|howto|diy|slide or dai|formula drift|formula d|ken block|kenblock|youtube|sema|methanol|turbo|boost|ford|mustang|classic car|classic cars|hooning|burn out|kill all tires|slay tires|sideways|how to burn out|burnout|dji|drone|films|video|photography|colorado|R888r|proxes|fifteen 52|tires",5564352,116228,2607,6872,"https://i.ytimg.com/vi/Hg6L_7qLIEQ/default.jpg",30.09
"UkMZJrbCRdQ","Why Farming Is Broken (And Always Has Been)","MinuteEarth",28,"MinuteEarth|Minute Earth|MinutePhysics|Minute Physics|earth|history|science|environment|environmental science|earth science|agriculture|farming|perennial|annual|kernza|polyculture|permaculture|natural systems agriculture|agroforestry|alley cropping|Wes Jackson|Land Institute",325933,13199,759,1598,"https://i.ytimg.com/vi/UkMZJrbCRdQ/default.jpg",30.09
"0s8oYNL1M-A","Goodnight Moon as read by LeVar Burton to Neil deGrasse Tyson","StarTalk Radio",28,"LeVar Burton|Goodnight Moon|Neil deGrasse Tyson|Audible|Andy Weir",82165,3156,54,375,"https://i.ytimg.com/vi/0s8oYNL1M-A/default.jpg",10.1
"_HTXMhKWqnA","iPhone X Impressions & Hands On!","Marques Brownlee",28,"iPhone X|iphone x|iphone 10|iPhone X impressions|hands on|iphone 8|iphone 8 plus|iphone 8 impressions|iPhone X hands on|new iphone|iphone unboxing|iphone x unboxing|iphone x announcement|the iphone x|iphone x vs|iPhone X vs iPhone 8|iPhone 8 vs|MKBHD|iphone x features|iphone x keynote|face id|face unlock|super retina display",3087549,93812,3067,19758,"https://i.ytimg.com/vi/_HTXMhKWqnA/default.jpg",14.09
"mC1qPDqV6hM","Google Ultra Pixel - New Pixel 2 Smartphone LEAKED?","Mrwhosetheboss",28,"google ultra pixel|google pixel 2|google pixel 2 review|pixel 2 leak|pixel 2 xl leak|google pixel 2017|smartphone|android|google pixel 2 xl|pixel 2 unboxing|pixel|google|google pixel|2017|review|leak|unboxing|ultra|pixel 2 release date|pixel 2 camera|pixel 2 specs|ultrapixel",478819,9261,1031,1314,"https://i.ytimg.com/vi/mC1qPDqV6hM/default.jpg",1.1
"Q1eQw4ycgQM","261 kph WATER ROCKET TRIKE | 0-100 kph in 0.55 second (5.1g) | Rider: François Gissy","François Gissy",2,"162 mph trike|Drift trike|Tricycle|World record trike|Acceleration record|Water powered vehicle|Rocket dragster|Rocket bike|Rocket car|High pressure water|Quarter mile record|0-60 mph record|World’s fastest trike|eco friendly",15681,57,0,9,"https://i.ytimg.com/vi/Q1eQw4ycgQM/default.jpg",15.09
"OZ5kXgYW5cE","The Shark Tier List","TierZoo",15,"Shark|hammerhead|great white|whale",349321,25027,210,4089,"https://i.ytimg.com/vi/OZ5kXgYW5cE/default.jpg",5.1
"Q07Cp6tswnQ","The Road to 5,000,000! [LIVE]","Marques Brownlee",28,"MKBHD|5 million|5M",821174,38800,831,4163,"https://i.ytimg.com/vi/Q07Cp6tswnQ/default.jpg",19.09
"FqdsYn9TdWQ","Adam Savage Examines the Blade Runner 2049 Blasters!","Tested",28,"tested|testedcom|adam savage|blade runner|blasters|blaster|tomenosuke|behind the scenes|prop|replica|stunt|gun|movie",245016,7587,111,682,"https://i.ytimg.com/vi/FqdsYn9TdWQ/default.jpg",9.1
"zqE-ultsWt0","BFR | Earth to Earth","SpaceX",28,"[none]",2175520,43025,818,7288,"https://i.ytimg.com/vi/zqE-ultsWt0/default.jpg",1.1
"j8ziXMTpkL4","5 Sushi Gadgets put to the Test","CrazyRussianHacker",28,"Gadgets|Sushi|Sushi Gadgets|put to the Test|5 Sushi Gadgets put to the Test|10 Gadgets From Fan Mail put to the Test|7 Zippo Gadgets You Did NOT Know Exist|10 Kitchen Gadgets put to the Test|gadgets review|unboxing|review|kitchen gadgets review|7 Banana Gadgets put to the Test",2007905,45033,2472,8300,"https://i.ytimg.com/vi/j8ziXMTpkL4/default.jpg",13.1
"qbD_9zymEP0","Venom F5 Unveiling Event - November 1 @ 11 AM Pacific","Hennessey Performance",2,"hennessey|hennessey performance|john hennessey|hennessy|tuner school|venom gt|venom f5|bugatti chiron|veyron|aston martin valkyrie|amg project one|sema|unveiling|event|top gear|top speed|300 mph|mclaren|f1|p1|porsche 918|ferrari|laferrari|koenigsegg|agera rs|regera|lamborghini|pagani|zonda|huayra|hypercar|fastest|shell|pennzoil|2017|guinness|world record|bp23|P15|vmax",42659,618,9,189,"https://i.ytimg.com/vi/qbD_9zymEP0/default.jpg",21.1
"d8U5funnyA8","Why Does the Mac Mini Exist in 2017?","Austin Evans",28,"mac|mac mini|apple|mac os|cheap mac|budget mac|computer|2017|unboxing|os x|why does this exist|austin evans",912053,20857,1400,3058,"https://i.ytimg.com/vi/d8U5funnyA8/default.jpg",21.09
"7pOXunRYJIw","See Through Suppressor in Super Slow Motion (110,000 fps)  - Smarter Every Day 177","SmarterEveryDay",28,"Smarter|Every|Day|Science|Physics|Destin|Sandlin|Education|Math|Smarter Every Day|experiment|nature|demonstration|slow|motion|slow motion|education|math|science|science education|what is science|Physics of|projects|experiments|science projects|suppressor|silencer|soteria|silencer co|automatic rifle|gun|NRA|Rifle|Sniper",2354858,56415,1404,2120,"https://i.ytimg.com/vi/7pOXunRYJIw/default.jpg",29.09
"1L7JFN7tQLs","iPhone X + iPhone 8 Hands on!","Jonathan Morrison",28,"Apple|iPhone X|iPhone 8|iPhone X unboxing|Apple iPhone X|iPhone X hands on|iPhone X review|review|unboxing|iphone 8 plus|iphone 8 unboxing|iphone 8 review|iphone 8 rumors|iphone edition|iphone 8 leaked|iphone|2017|ios 11|iphone 8 features|apple iphone 8|iphone 2017|apple iphone edition|iphone 8|iphone 8 specs|iPhone X official|tld|jonathan morrison",916980,25042,1009,4799,"https://i.ytimg.com/vi/1L7JFN7tQLs/default.jpg",16.09
"UkMZJrbCRdQ","Why Farming Is Broken (And Always Has Been)","MinuteEarth",28,"MinuteEarth|Minute Earth|MinutePhysics|Minute Physics|earth|history|science|environment|environmental science|earth science|agriculture|farming|perennial|annual|kernza|polyculture|permaculture|natural systems agriculture|agroforestry|alley cropping|Wes Jackson|Land Institute",353003,14022,806,1373,"https://i.ytimg.com/vi/UkMZJrbCRdQ/default.jpg",1.1
"VSrEIdhrXB4","How to Build a Teleporter with Aliens","minutephysics",28,"physics|minutephysics|science",415328,16893,649,1914,"https://i.ytimg.com/vi/VSrEIdhrXB4/default.jpg",3.1
"mC1qPDqV6hM","Google Ultra Pixel - New Pixel 2 Smartphone LEAKED?","Mrwhosetheboss",28,"google ultra pixel|google pixel 2|google pixel 2 review|pixel 2 leak|pixel 2 xl leak|google pixel 2017|smartphone|android|google pixel 2 xl|pixel 2 unboxing|pixel|google|google pixel|2017|review|leak|unboxing|ultra|pixel 2 release date|pixel 2 camera|pixel 2 specs|ultrapixel",505869,9500,1084,1339,"https://i.ytimg.com/vi/mC1qPDqV6hM/default.jpg",2.1
"LVPIM06bMJo","Man Feeds WILD SNAKE Friend A Snack | The Dodo","The Dodo",15,"animal video|animals|the dodo|Rescue|Animal Rescue|snake friend|man feeds wild snake|wild snake|snake video|feeding snake|snakes|snake|friendly snake|snake charmer|snake city|snake eater|snake eyes|snake prank|snake trap|snakes on a plane|hungry snake|snake eating|snake eats|man feeds snake|man snake friend|pet snake|wild snakes|snake reunion|WILD SNAKE FEEDING",180106,7426,132,901,"https://i.ytimg.com/vi/LVPIM06bMJo/default.jpg",28.09
"0hLx_1Q15eY","Where Do Our Drugs Come From?","MinuteEarth",28,"MinuteEarth|Minute Earth|MinutePhysics|Minute Physics|earth|history|science|environment|environmental science|earth science|pharmaceuticals|plants|fungi|microbes|bacteria|penicillin|amphotericin|avermectin|bioprospecting",307047,10796,217,27,"https://i.ytimg.com/vi/0hLx_1Q15eY/default.jpg",18.1
"NPptT6BsnWQ","iPhone 8 and iPhone 8 Plus Unboxing and First Impressions","Flossy Carter",28,"iphone 8|plus|unboxing|review|first|impressions|vs|iphone 7|iphone x|preview|ios 11|update|best|new|portrait|mode|camera|flossy|carter|floss|real|reviews|unbox therapy|mkbhd|the verge|cnet|phonedog|pocketnow|android authority|linustechtips|uravargeconsumer|everythingapplepro|jailbreak|samsung|galaxy|note 8|s8|s8 plus|s7|edge|wireless|charging|drop|test|bend|break|cases|accessories|extended|battery|ipad|ipod|touch|lg|v30|g6|mate 10|htc|u 11|google|pixel|xl 2|moto",122156,4572,213,1385,"https://i.ytimg.com/vi/NPptT6BsnWQ/default.jpg",26.09
"2HcqS508lIo","The US Military's Most Powerful Gun","Real Engineering",28,"railgun|military|gun|powerful|electromagnetic gun|electric gun|naval artillery|science|engineering|history|real engineering",735223,18678,582,674,"https://i.ytimg.com/vi/2HcqS508lIo/default.jpg",18.1
"eFDfST838NM","PROJECTIONS, Episode 26: Oculus Connect 4, Santa Cruz Prototype Hands-On","Tested",28,"tested|testedcom|virtual reality|oculus|htc vive|santa cruz prototype|oculus go|projections|interview|demo|hands-on",18351,570,45,135,"https://i.ytimg.com/vi/eFDfST838NM/default.jpg",17.1
"A0lYm7Qsbak","iPhone X vs iPhone 8 Hands On - What’s the Difference?","UrAvgConsumer",28,"uravgconsumer|uac|your average consumer|New iPhone|iPhone 8|iPhone 8 plus|iPhone x|iPhone 8 vs iPhone x|iPhone x vs|iPhone 8 review|iPhone x review|iPhone x unboxing|iPhone 8 unboxing|iPhone 8 comparison|iPhone 8 vs|apple|ios 11",1325192,46180,1416,4241,"https://i.ytimg.com/vi/A0lYm7Qsbak/default.jpg",18.09
"xGuGjvIfof8","My Favorite Tech of the Month - September!","UrAvgConsumer",28,"uravgconsumer|uac|your average consumer|gunpla|tech 2017|gundam|tech bag|gadget backpack|gaming laptop|acer predator helios 300|overview|vs|best tech|best portable charger|electric skateboard",304337,10909,421,836,"https://i.ytimg.com/vi/xGuGjvIfof8/default.jpg",5.1
"iv1zeGSvhIw","Echostar 105 / SES-11 Launch Webcast","SpaceX",28,"[none]",369675,8721,117,1020,"https://i.ytimg.com/vi/iv1zeGSvhIw/default.jpg",13.1
"Vjc459T6wX8","<U+66F4><U+306A><U+308B><U+30D5><U+30A3><U+30C3><U+30C8><U+611F><U+3092><U+8FFD><U+6C42><U+3059><U+308B><U+306D><U+3053><U+3002>-Maru wishes for more fitting feeling.-","mugumogu",15,"Maru|cat|kitty|pets|<U+307E><U+308B>|<U+732B>|<U+306D><U+3053>",77810,4298,16,419,"https://i.ytimg.com/vi/Vjc459T6wX8/default.jpg",15.09
"9yUZTTLpDtk","Secrets to measuring a piece of paper - Numberphile","Numberphile",28,"numberphile|paper|ruler",286121,18192,228,1351,"https://i.ytimg.com/vi/9yUZTTLpDtk/default.jpg",16.1
"5qlSfNVp3fU","Crazy Lion Plays Fetch Like a Dog!","Cole and Marmalade",15,"cats|cat videos|funny cat videos|Cole and Marmalade|Big Cat Rescue|Crazy Lion|Lion Attack|lion hunting|Africa|Biggest lion|biggest cat that purrs|lion roar|purr|roar|scary|angry lion|circus|rescued|Emoya|Sanctuary|lion fight|lion climbs tree|cat stuck in tree|weird|behavior|crazy|fail|best",289916,7584,199,30,"https://i.ytimg.com/vi/5qlSfNVp3fU/default.jpg",17.1
"V_liC4y7alU","Upgrading a $400 Gaming PC","Austin Evans",28,"gaming pc|gaming computer|budget gaming pc|pc|computer|pc gaming|pc build|gaming pc build|gaming pc under 500|cheap pc gaming|austin evans",389852,13246,674,1385,"https://i.ytimg.com/vi/V_liC4y7alU/default.jpg",5.1
"XBGCYqRInM8","Top 10 Greatest Movie Car Chases from the 80's | Donut Media","Donut Media",2,"Movie chase|movie car chase|car chase scenes|bullit car chase|top 10|greatest car chase|best car chase|movie car chase scene|stunt driving|car jump|car crash|highway accident|semi truck|semi truck crash|mercury monterey|porsche|ferrari|classic car|chase scene|1980s|80s|1980|back to the future|the terminator|to live and die in la|the junkman|cobra|sylvester stalone|arnold schwartzeneger",54842,2011,37,206,"https://i.ytimg.com/vi/XBGCYqRInM8/default.jpg",29.09
"AZTGeQ5msaU","iPhone X walkthrough: Animoji, Face ID, Portrait Mode Lighting effects, more","SlashGear",2,"apple|iphone|iphone x|smartphone|ios|ios 11|face id|animoji|slashgear|walkthrough|hands on|phone|cellphone|oled|augmented reality|ar",116342,569,37,121,"https://i.ytimg.com/vi/AZTGeQ5msaU/default.jpg",14.09
"xHvVhhFvLtY","SPIKED by a Sea Urchin?","Brave Wilderness",15,"sting|stung|stinging|adventure|adventurous|animals|breaking trail|coyote|coyote peterson|peterson|trail|wild|worst sting|painful sting|spiked|barbed|stingray sting|creepy creatures|ant sting|do horseshoe crabs sting|alien|bizarre|bizarre creature|huge stinger|will it bite|will it sting|spikey|pinched|pinched by a crab|spiky sea creature|spiked by a sea urchin|sea urchin|hawii|tide pooling|tide pool creatures|fantastic creatures|sea creature|its alive|pac",2457564,48412,1001,5911,"https://i.ytimg.com/vi/xHvVhhFvLtY/default.jpg",19.09
"nQDcDZ6rmGE","Flight of the Year // Trains, Bridges, Rapids, Mountains, Sunset, Gapping, Perching, Powerlooping","NURK FPV",28,"fpv|drone|fpv drone|fpving|fpv racing|drone racing|fpv drone racing|winter drone racing|fpv drones|drones|drone vlog|vlog drone|drone vlogging|drone nationals|drone nationals 2016|2016",939443,10791,445,1438,"https://i.ytimg.com/vi/nQDcDZ6rmGE/default.jpg",26.09
"gMhysL2A8Qk","Nissan Heisman House | Teboween","Nissan USA",2,"nissan|heisman|heisman house|football|college football|Tim Tebow|Derrick Henry|Halloween|Funny Commercial",200414,335,11,40,"https://i.ytimg.com/vi/gMhysL2A8Qk/default.jpg",10.1
"F8i8pnZmk50","iPhone 8 vs 8 Plus Unboxing & Comparison!","Jonathan Morrison",28,"iPhone 8|iPhone 8 Plus|iPhone 8 Unboxing|iPhone 8 Review|iPhone 8 vs 8 Plus|unboxing|review|apple|2017|iphone x|iphone 8|iphone|iphone x review|iphone x vs iphone 8|iphone x hands on|apple iphone x|iphone 8 plus|apple iphone 8|iphone 8 hands on|iphone 8 camera|8 plus|iphone 10|iphone 8 release date|iphone 2017|iPhone 8 vs Galaxy S8|ios 11|tld|jonathan morrison|iphone x vs 8|iphone x unboxing",1311849,50797,1647,6065,"https://i.ytimg.com/vi/F8i8pnZmk50/default.jpg",23.09
"#NAME?","The Age of Giant Insects","PBS Eons",28,"dinosaurs|dinos|paleo|paleontology|scishow|eons|pbs|pbs digital studios|hank green|john green|complexly|fossils|natural history|insects|large insects|giant insects|enormous insects|Carboniferous Period|Meganeura|Stephanotypus|Arthropleura|oxygen|spiracles|Permian Period|dragonfly|griffinfly|atmospheric oxygen|Arizona State|Michigan State|beetle|millipede|spiracle|arthropods|dragonflies|beetles|giant bugs|bugs|big bugs|larvae|bigger larvae",116695,5099,118,588,"https://i.ytimg.com/vi/-wQLKMUWANg/default.jpg",22.09
"6Vb6Z9i5sHs","<U+041D><U+0430> <U+0443><U+0447><U+0435><U+043D><U+0438><U+044F><U+0445> «<U+0417><U+0430><U+043F><U+0430><U+0434>-2017» <U+043D><U+0430> <U+043F><U+043E><U+043B><U+0438><U+0433><U+043E><U+043D><U+0435> <U+0432> <U+041B><U+0435><U+043D><U+043E><U+0431><U+043B><U+0430><U+0441><U+0442><U+0438> <U+0431><U+043E><U+0435><U+0432><U+043E><U+0439> <U+0432><U+0435><U+0440><U+0442><U+043E><U+043B><U+0435><U+0442> <U+043F><U+043E><U+043F><U+0430><U+043B> <U+0440><U+0430><U+043A><U+0435><U+0442><U+0430><U+043C><U+0438> <U+043F><U+043E> <U+0437><U+0440><U+0438><U+0442><U+0435><U+043B><U+044F><U+043C>","<U+041C><U+0435><U+0433><U+0430><U+043F><U+043E><U+043B><U+0438><U+0441>",2,"<U+0434><U+0442><U+043F>|<U+0447><U+043F>|<U+0430><U+0432><U+0430><U+0440><U+0438><U+044F>|<U+043A><U+0430><U+0442><U+0430><U+0441><U+0442><U+0440><U+043E><U+0444><U+0430>|<U+043F><U+0440><U+043E><U+0438><U+0441><U+0448><U+0435><U+0441><U+0442><U+0432><U+0438><U+0435>|<U+043D><U+043E><U+0432><U+043E><U+0441><U+0442><U+0438>|<U+041F><U+0438><U+0442><U+0435><U+0440>|<U+0441><U+043F><U+0431>|<U+043F><U+043E><U+0436><U+0430><U+0440>|<U+043C><U+0430><U+0448><U+0438><U+043D><U+0430>|car|crash|incident|accident|emergency|damage|glitch|fire|disaster|affliction",125721,374,62,405,"https://i.ytimg.com/vi/6Vb6Z9i5sHs/default.jpg",20.09
"rFaoaCJ1R8o","Der Zerhacker.","hackerspaceshop",28,"blinkenrocket|ccc|metalab|DIY",2877,0,0,6,"https://i.ytimg.com/vi/rFaoaCJ1R8o/default.jpg",9.1
"cXQUObfBXYk","Adam Savage Becomes an Extra in Blade Runner 2049 Short!","Tested",28,"tested|testedcom|adam savage|blade runner|blasters|blaster|tomenosuke|behind the scenes|prop|replica|stunt|gun|movie",232184,8385,92,784,"https://i.ytimg.com/vi/cXQUObfBXYk/default.jpg",15.1
"CEcrgOuBiUM","Adam Savage Explores the Science-Fiction Spacesuits of FBFX!","Tested",28,"tested|testedcom|fbfx|photogrammetry|foam|adam savage|scan|3d|spacesuits|alien: covenant|armor|special effects|film|costumes",199505,4863,56,410,"https://i.ytimg.com/vi/CEcrgOuBiUM/default.jpg",23.09
"B2B0GMtowmU","GR : Born from Motorsports<U+7BC7>","TOYOTA GAZOO Racing",2,"TOYOTA|<U+30C8><U+30E8><U+30BF>|TOYOTA GAZOO Racing|<U+30C8><U+30E8><U+30BF><U+30AC><U+30BA><U+30FC><U+30EC><U+30FC><U+30B7><U+30F3><U+30B0>|<U+30AC><U+30BA><U+30FC><U+30EC><U+30FC><U+30B7><U+30F3><U+30B0>|<U+30AC><U+30BA><U+30FC>|TGR|GR|<U+30B8><U+30FC><U+30A2><U+30FC><U+30EB>",1376018,1828,1379,420,"https://i.ytimg.com/vi/B2B0GMtowmU/default.jpg",22.09
"5qlSfNVp3fU","Crazy Lion Plays Fetch Like a Dog!","Cole and Marmalade",15,"cats|cat videos|funny cat videos|Cole and Marmalade|Big Cat Rescue|Crazy Lion|Lion Attack|lion hunting|Africa|Biggest lion|biggest cat that purrs|lion roar|purr|roar|scary|angry lion|circus|rescued|Emoya|Sanctuary|lion fight|lion climbs tree|cat stuck in tree|weird|behavior|crazy|fail|best",93000,5268,81,702,"https://i.ytimg.com/vi/5qlSfNVp3fU/default.jpg",15.1
"xHvVhhFvLtY","SPIKED by a Sea Urchin?","Brave Wilderness",15,"sting|stung|stinging|adventure|adventurous|animals|breaking trail|coyote|coyote peterson|peterson|trail|wild|worst sting|painful sting|spiked|barbed|stingray sting|creepy creatures|ant sting|do horseshoe crabs sting|alien|bizarre|bizarre creature|huge stinger|will it bite|will it sting|spikey|pinched|pinched by a crab|spiky sea creature|spiked by a sea urchin|sea urchin|hawii|tide pooling|tide pool creatures|fantastic creatures|sea creature|its alive|pac",2162054,45015,917,7757,"https://i.ytimg.com/vi/xHvVhhFvLtY/default.jpg",16.09
"LVPIM06bMJo","Man Feeds WILD SNAKE Friend A Snack | The Dodo","The Dodo",15,"animal video|animals|the dodo|Rescue|Animal Rescue|snake friend|man feeds wild snake|wild snake|snake video|feeding snake|snakes|snake|friendly snake|snake charmer|snake city|snake eater|snake eyes|snake prank|snake trap|snakes on a plane|hungry snake|snake eating|snake eats|man feeds snake|man snake friend|pet snake|wild snakes|snake reunion|WILD SNAKE FEEDING",240430,8570,160,1122,"https://i.ytimg.com/vi/LVPIM06bMJo/default.jpg",29.09
"qPDZZj6By3Y","Killer Whales Attack Minke - Frozen Planet - BBC Earth","BBC Earth",15,"BBC|BBC Worldwide|Nature|Natural History|Animals|Wildlife|Wild|hunting|minke whale|whale|mammals|enormous|ocean|marine|shocking|bbc documentary|bbc earth|killer whale|orca|hunt|sea|whales",163404,3337,111,447,"https://i.ytimg.com/vi/qPDZZj6By3Y/default.jpg",13.09
"7D4-49pkEWY","Thrust SSC - still the only car to travel faster than the speed of sound","BLOODHOUND SSC - 1,000 mph car",28,"[none]",125416,1199,70,211,"https://i.ytimg.com/vi/7D4-49pkEWY/default.jpg",20.1
"9yUZTTLpDtk","Secrets to measuring a piece of paper - Numberphile","Numberphile",28,"numberphile|paper|ruler",236767,16015,194,1166,"https://i.ytimg.com/vi/9yUZTTLpDtk/default.jpg",13.1
"gMhysL2A8Qk","Nissan Heisman House | Teboween","Nissan USA",2,"nissan|heisman|heisman house|football|college football|Tim Tebow|Derrick Henry|Halloween|Funny Commercial",187849,292,8,27,"https://i.ytimg.com/vi/gMhysL2A8Qk/default.jpg",9.1
"83ZrTybo2t4","Dog Reunites With Best Friend | The Dodo","The Dodo",15,"animal video|animals|the dodo|Rescue|Animal Rescue|animal reunions|dog reunites|dog reunion|dog reunites with best friend|dog best friends|best friends|dogs|dog runion video|happy dog|good dog|dog friends|friends|best friend reunion|best friend videos|dog videos|funny dog videos|excited dog|pet reunions|best friends reunite",167923,5022,103,314,"https://i.ytimg.com/vi/83ZrTybo2t4/default.jpg",20.09
"bvim4rsNHkQ","How Not to Land an Orbital Rocket Booster","SpaceX",28,"[none]",2860774,78841,690,5333,"https://i.ytimg.com/vi/bvim4rsNHkQ/default.jpg",20.09
"Q1eQw4ycgQM","261 kph WATER ROCKET TRIKE | 0-100 kph in 0.55 second (5.1g) | Rider: François Gissy","François Gissy",2,"162 mph trike|Drift trike|Tricycle|World record trike|Acceleration record|Water powered vehicle|Rocket dragster|Rocket bike|Rocket car|High pressure water|Quarter mile record|0-60 mph record|World’s fastest trike|eco friendly",168664,474,8,51,"https://i.ytimg.com/vi/Q1eQw4ycgQM/default.jpg",17.09
"zqE-ultsWt0","BFR | Earth to Earth","SpaceX",28,"[none]",2390080,45519,880,7945,"https://i.ytimg.com/vi/zqE-ultsWt0/default.jpg",2.1
"iALfvFpcItE","Why Are You Anxious?","AsapSCIENCE",28,"Anxiety|Science of Anxiety|Generalized Anxiety Disorder|OCD|Phobias|Mental Health|Mental illness|What causes anxiety|is anxiety bad for you|what is too much anxiety|How to treat anxiety with medicine|how to treat anxiety with theraphy|is anxiety genetic|how does anxiety effect my health|do I have anxiety?|Mental Health Stigma|panic attack|anxiety attack|stress|how to cope with stress|what is anxiety|what is an anxiety disorder",638120,19739,361,1886,"https://i.ytimg.com/vi/iALfvFpcItE/default.jpg",15.1
"5jRYB3nGxmc","Cassini Burns into Saturn After Grand Finale | Out There","The New York Times",28,"The New York Times|NY Times|NYT|Times Video|nytimes.com|news|newspaper|feature|reporting|Cassini|Cassini Grand Finale|Saturn|Cassini Burns into Saturn|Cassini Final Voyage|cassini images|cassini spacecraft|cassini saturn|nasa cassini|cassini probe|cassini satellite|cassini photos|cassini mission|space|outer space|out there|Cassini Huygens|NASA Cassini Spacraft",77053,2007,50,236,"https://i.ytimg.com/vi/5jRYB3nGxmc/default.jpg",17.09
"Uiccgh2GXzs","How to Get Your Car to Make Sharper Turns (Steering Angle Mod)","ChrisFix",2,"U turn|k turn|steering angle|get more steering angle|rack limiters|mustang|free steering angle|steering angle sensor|drift car steering angle|reverse entree",848189,32093,720,3444,"https://i.ytimg.com/vi/Uiccgh2GXzs/default.jpg",10.1
"CN4YL1KPDAA","Pixel 2 Classic Unboxing","Linus Tech Tips",28,"[none]",484376,18242,797,1540,"https://i.ytimg.com/vi/CN4YL1KPDAA/default.jpg",22.1
"pT-zok786Yc","#WindowsDevDay -  Fluent Design","Windows Developer",28,"Microsoft|Windows|Apps|Developers",444670,1472,253,390,"https://i.ytimg.com/vi/pT-zok786Yc/default.jpg",19.1
"HjfN2Phsfng","Buick Reatta","weatherguru76",2,"Buick|Reatta|1990",12284,30,0,8,"https://i.ytimg.com/vi/HjfN2Phsfng/default.jpg",7.1
"hNsUtZmWgdg","ATHENA Laser Weapon System Defeats Unmanned Aerial Systems","LockheedMartinVideos",28,"athena|directed energy|laser weasons",424282,395,86,190,"https://i.ytimg.com/vi/hNsUtZmWgdg/default.jpg",25.09
"iv1zeGSvhIw","Echostar 105 / SES-11 Launch Webcast","SpaceX",28,"[none]",409488,9197,125,1113,"https://i.ytimg.com/vi/iv1zeGSvhIw/default.jpg",16.1
"xLZoYh-aMm8","Ultimate Pumpkin Carving Tool","William Osman",28,"laser cutter|william osman|crappy science|halloween|pumpkin|pumpkin carving|carving tool|laser|halloween pumpkin|pumpkin power tool|how much power is too much power",163064,8627,157,5277,"https://i.ytimg.com/vi/xLZoYh-aMm8/default.jpg",19.1
"JKGdQjx-_BI","Mutual Human Actuation (UIST 2017)","HassoPlattnerInstitute HCI",28,"[none]",25635,196,10,9,"https://i.ytimg.com/vi/JKGdQjx-_BI/default.jpg",20.1
"5NX-U36VDis","Building the Ultimate PS4 Pro","Austin Evans",28,"ps4|ps4 pro|playstation 4|playstation 4 pro|playstation|building the ultimate ps4|sony|gaming|console|unboxing|game console|austin evans",841845,29448,1451,4269,"https://i.ytimg.com/vi/5NX-U36VDis/default.jpg",12.1
"_38JDGnr0vA","Blue Planet II : The Prequel","BBC Earth",15,"BBC|BBC Worldwide|Nature|Natural History|Animals|Wildlife|Wild|bbc earth|sir david attenborough|planet earth|planet earth 2|planet earth II|blue planet|blue planet II|blue planet 2|hans zimmer|radiohead|thom york|prequel|music collaboration|ocean|oceans|sea|water|whale|shark|octopus|bbc documentary|<U+092C><U+0940><U+092C><U+0940><U+0938><U+0940>|<U+0917><U+094D><U+0930><U+0939> <U+092A><U+0943><U+0925><U+094D><U+0935><U+0940> II|<U+0928><U+0940><U+0932><U+0947> <U+0917><U+094D><U+0930><U+0939> II|<U+0928><U+0940><U+0932><U+093E> <U+0917><U+094D><U+0930><U+0939>|<U+0928><U+0940><U+0932><U+0947> <U+0917><U+094D><U+0930><U+0939> 2",860450,26779,217,2407,"https://i.ytimg.com/vi/_38JDGnr0vA/default.jpg",29.09
"po5VUW3I8P8","REDUCE TOOL CHATTER! | DIY Lathe SSV Electronics.","AvE",28,"lathe|mill|cnc|vfd|electronics|engineering|machining|chatter|tool|trick|tip|diy|how to|test",163669,5043,78,1346,"https://i.ytimg.com/vi/po5VUW3I8P8/default.jpg",7.1
"hNsUtZmWgdg","ATHENA Laser Weapon System Defeats Unmanned Aerial Systems","LockheedMartinVideos",28,"athena|directed energy|laser weasons",15063,173,14,45,"https://i.ytimg.com/vi/hNsUtZmWgdg/default.jpg",21.09
"a6y01PSb6qU","The Strangest Sights Cassini Saw: Postcards From Saturn | NPR's SKUNK BEAR","Skunk Bear",28,"cassini|nasa|saturn|rings|titan|iapetus|mimas|daphnis|ripple|crash into saturn|huygens|enceladus|mission|launch|why|satellite|images|photos|hexagon|plume|discovery|spacecraft|probe|what is cassini|pictures|rings of saturn|cassini images|cassini pictures|cassini dive|cassini footage",138958,1227,15,107,"https://i.ytimg.com/vi/a6y01PSb6qU/default.jpg",17.09
"Uiccgh2GXzs","How to Get Your Car to Make Sharper Turns (Steering Angle Mod)","ChrisFix",2,"U turn|k turn|steering angle|get more steering angle|rack limiters|mustang|free steering angle|steering angle sensor|drift car steering angle|reverse entree",828695,31562,701,3266,"https://i.ytimg.com/vi/Uiccgh2GXzs/default.jpg",9.1
"xEqCt7GZo7M","DIY Electric ultralight pt5 (Making the Wings)","PeterSripol",28,"DIY|Ultralight|diy projects|electric|airplane|part5|part 103|103|homebuilt|aviation",175623,7347,85,2419,"https://i.ytimg.com/vi/xEqCt7GZo7M/default.jpg",17.1
"HqHQFm5L6Zc","BMW Hot Tub First Tests and Issues","colinfurze",2,"colin|furze|bmw|hot tub|spa car|drivable hot tub|google ad|first test|smoke|water|amazing|crazy|bmw e30|behind scenes|how to|making of",1112304,30714,980,2319,"https://i.ytimg.com/vi/HqHQFm5L6Zc/default.jpg",8.1
"1L7JFN7tQLs","iPhone X + iPhone 8 Hands on!","Jonathan Morrison",28,"Apple|iPhone X|iPhone 8|iPhone X unboxing|Apple iPhone X|iPhone X hands on|iPhone X review|review|unboxing|iphone 8 plus|iphone 8 unboxing|iphone 8 review|iphone 8 rumors|iphone edition|iphone 8 leaked|iphone|2017|ios 11|iphone 8 features|apple iphone 8|iphone 2017|apple iphone edition|iphone 8|iphone 8 specs|iPhone X official|tld|jonathan morrison",943474,25418,1031,4786,"https://i.ytimg.com/vi/1L7JFN7tQLs/default.jpg",17.09
"adgAxnflvOE","EXCITED Dogs in Car Can't Stop Howling For The Park | The Dodo","The Dodo",15,"animal video|animals|the dodo|Rescue|Animal Rescue|dogs|dog|dog videos|excited dogs|happy dogs|dogs barking|barking dogs|dog park|dogs being cute|dogs jumping|funny dogs|dogs playing|dogs in car|dogs enjoying car ride|loud dogs|best dogs|cute dogs|cute dog videos|dogs going to the park|howling dogs|dog sounds|dog howl|howling|dog park dog|dogs excited for park|EXCITED Dogs in Car",91816,2894,58,229,"https://i.ytimg.com/vi/adgAxnflvOE/default.jpg",20.1
"1L7JFN7tQLs","iPhone X Hands on - Everything you need to know","Jonathan Morrison",28,"Apple|iPhone X|iPhone 8|iPhone X unboxing|Apple iPhone X|iPhone X hands on|iPhone X review|review|unboxing|iphone 8 plus|iphone 8 unboxing|iphone 8 review|iphone 8 rumors|iphone edition|iphone 8 leaked|iphone|2017|ios 11|iphone 8 features|apple iphone 8|iphone 2017|apple iphone edition|iphone 8|iphone 8 specs|iPhone X official|tld|jonathan morrison",514972,18936,641,3817,"https://i.ytimg.com/vi/1L7JFN7tQLs/default.jpg",13.09
"PgeJ0XYuI2E","DxOMark Smartphone Ratings: Explained!","Marques Brownlee",28,"dxomark|dxo|dxo scores|DxOMark|smartphone cameras|best smartphone cameras|best camera|best cameras|phone cameras|iphone 8|iphone x|note 8|galaxy note 8|iphone 8 camera|iPhone camera|dxomark camera|best dxomark|highest dxomark|dxo scale|MKBHD",1106694,68436,961,6504,"https://i.ytimg.com/vi/PgeJ0XYuI2E/default.jpg",15.1
"PgeJ0XYuI2E","DxOMark Smartphone Ratings: Explained!","Marques Brownlee",28,"dxomark|dxo|dxo scores|DxOMark|smartphone cameras|best smartphone cameras|best camera|best cameras|phone cameras|iphone 8|iphone x|note 8|galaxy note 8|iphone 8 camera|iPhone camera|dxomark camera|best dxomark|highest dxomark|dxo scale|MKBHD",1152687,70482,992,6668,"https://i.ytimg.com/vi/PgeJ0XYuI2E/default.jpg",16.1
"A-sDCUXML2E","Generationer","VolkswagenDanmark",2,"Generationer|Far og søn|VW Boble|Boble|Torben Zeller|Familiebil|Kortfilm|Generation|Short Film|Volkswagen|Folkevogn|Bubble|Golf GTE|Golf|bil|short movie car",68742,182,24,38,"https://i.ytimg.com/vi/A-sDCUXML2E/default.jpg",5.1
"OZ5kXgYW5cE","The Shark Tier List","TierZoo",15,"Shark|hammerhead|great white|whale",342794,24711,203,4037,"https://i.ytimg.com/vi/OZ5kXgYW5cE/default.jpg",4.1
"F8i8pnZmk50","iPhone 8 vs 8 Plus Unboxing & Comparison!","Jonathan Morrison",28,"iPhone 8|iPhone 8 Plus|iPhone 8 Unboxing|iPhone 8 Review|iPhone 8 vs 8 Plus|unboxing|review|apple|2017|iphone x|iphone 8|iphone|iphone x review|iphone x vs iphone 8|iphone x hands on|apple iphone x|iphone 8 plus|apple iphone 8|iphone 8 hands on|iphone 8 camera|8 plus|iphone 10|iphone 8 release date|iphone 2017|iPhone 8 vs Galaxy S8|ios 11|tld|jonathan morrison|iphone x vs 8|iphone x unboxing",1363776,51439,1666,6150,"https://i.ytimg.com/vi/F8i8pnZmk50/default.jpg",24.09
"unIkqhB2nA0","iPhone X Face ID Unlock Fail","Unbox Therapy",28,"iphone x|iphone 8|face id|face unlock|unlock|apple|apple iphone x|apple iphone|apple iphone 8|8 plus|iphone 8 plus|iphone x review|iphone 8 hands on|hands on|hands-on|apple event|2017|iphone 2017|iphone x vs|iphone 8 vs|plus|face|iphone|iphone 10|fail|faceid|iphone 8 review|iphone fail|unlocking|unbox therapy|unbox|therapy|unboxing|unboxtherapy|iphone 10 unboxing|iphone x unboxing|iphone 8 unboxing|samsung|unlock fail|apple event 2017|id|camera",3572241,86493,9501,22016,"https://i.ytimg.com/vi/unIkqhB2nA0/default.jpg",15.09
"B9SptdjpJBQ","How To Learn Faster","AsapSCIENCE",28,"Learning tricks|ways to learn faster|best ways to learn|how to learn a new language|how to be smarter|the science of learning|best way to learn|learning hacks|how to study|how to retain information|writing vs. typing|sleep helps you learn|teaching students to learn|how to learn a new motorskill|drink water to learn|How the brain learns|study tips|learn anything quickly",960993,46095,485,1528,"https://i.ytimg.com/vi/B9SptdjpJBQ/default.jpg",2.1
"z1g7n0QZvvE","Apple Watch Series 3 hands on","TechCrunch",28,"apple watch series 3|apple watch|hands on apple watch|first look apple watch|apple watch first look|watch|apple watch new|new apple watch",19880,112,3,28,"https://i.ytimg.com/vi/z1g7n0QZvvE/default.jpg",14.09
"k8LF_FU2luY","Track Testing Continued","Bollinger Motors",2,"truck|track|bollinger motors|b1|electric car|electric truck|ev|all electric|testing|development|charge|charged|sport utility|suv|sport utility truck|work truck|work|farming|farm|off road|off roading|overlanding|sport|fun",10442,35,0,4,"https://i.ytimg.com/vi/k8LF_FU2luY/default.jpg",22.09
"Q07Cp6tswnQ","The Road to 5,000,000! [LIVE]","Marques Brownlee",28,"MKBHD|5 million|5M",566224,31738,583,4296,"https://i.ytimg.com/vi/Q07Cp6tswnQ/default.jpg",16.09
"0hLx_1Q15eY","Where Do Our Drugs Come From?","MinuteEarth",28,"MinuteEarth|Minute Earth|MinutePhysics|Minute Physics|earth|history|science|environment|environmental science|earth science|pharmaceuticals|plants|fungi|microbes|bacteria|penicillin|amphotericin|avermectin|bioprospecting",168082,7393,116,631,"https://i.ytimg.com/vi/0hLx_1Q15eY/default.jpg",14.1
"83ZrTybo2t4","Dog Reunites With Best Friend | The Dodo","The Dodo",15,"animal video|animals|the dodo|Rescue|Animal Rescue|animal reunions|dog reunites|dog reunion|dog reunites with best friend|dog best friends|best friends|dogs|dog runion video|happy dog|good dog|dog friends|friends|best friend reunion|best friend videos|dog videos|funny dog videos|excited dog|pet reunions|best friends reunite|isle of dogs",246636,5949,121,395,"https://i.ytimg.com/vi/83ZrTybo2t4/default.jpg",22.09
"8ZRCdfaAIy0","DON'T Buy The iPhone 8, Buy The iPhone 8.","Unbox Therapy",28,"iphone 8|iphone 8 unboxing|iphone|iphone 8 plus unboxing|iphone 8 review|iphone 8 plus review|review|unboxing|apple|iphone x|iphone x unboxing|iphone x review|apple iphone x|apple iphone 8|iphone 8 plus|iphone x vs iphone 8|iphone x vs 8|iphone 8 vs x|iphone x vs|iphone 8 vs|iphone x vs 8 plus|new iphone|iphone 8 vs 8 plus|iphone x hands on|iphone x vs iphone 8 plus|iphone 8 vs iphone 8 plus|iphone 7 vs 8|2017|unbox therapy|unbox|unboxtherapy|vs",2831230,143281,28770,21299,"https://i.ytimg.com/vi/8ZRCdfaAIy0/default.jpg",27.09
"PLDJQondOQE","10 Gadgets From Fan Mail put to the Test!","CrazyRussianHacker",28,"Fan Mail|Gadgets|Gadgets From Fan Mail|10 Gadgets From Fan Mail|fan mail unboxing|unboxing fan mail|10 fan mail gadgets|gadgets reviews|10 Kitchen Gadgets put to the Test|10 Weird Bottle Openers put to the Test",1247617,27201,927,3153,"https://i.ytimg.com/vi/PLDJQondOQE/default.jpg",8.1
"YCYXUi_5kns","Spiny Lizard Catches Me!","Brave Wilderness",15,"adventure|adventurous|animals|breaking|breaking trail|coyote|coyote peterson|peterson|trail|wild|season 2|new season|collared lizard|lizard|reptile|desert lizard|desert reptiles|common collared lizard|sonoran desert|desert|snake|cacti|Desert WIldlife|adventure show|bitten|catching collard lizards|animal bite|lizard bite|bitten by a lizard|fastest lizard|spiny lizard|spiny lizard catches me|spined lizard|spiny lizard bite|spiny|desert spiny lizard|lizards",874803,28128,281,4143,"https://i.ytimg.com/vi/YCYXUi_5kns/default.jpg",16.1
"hR1nU9IJsoM","Project Binky - Episode 16 - Austin Mini GT-Four - Turbocharged 4WD Mini","Bad Obsession Motorsport",2,"mini|mini 1000|toyota|celica|gt4|gt-four|project|bad obsession motorsport|project binky|binky|restoration|3sgte|turbo|turbocharged|st185|4wd|four wheel drive|shrewsbury|austin mini",186120,12769,74,1942,"https://i.ytimg.com/vi/hR1nU9IJsoM/default.jpg",16.1
"8ZRCdfaAIy0","DON'T Buy The iPhone 8, Buy The iPhone 8.","Unbox Therapy",28,"iphone 8|iphone 8 unboxing|iphone|iphone 8 plus unboxing|iphone 8 review|iphone 8 plus review|review|unboxing|apple|iphone x|iphone x unboxing|iphone x review|apple iphone x|apple iphone 8|iphone 8 plus|iphone x vs iphone 8|iphone x vs 8|iphone 8 vs x|iphone x vs|iphone 8 vs|iphone x vs 8 plus|new iphone|iphone 8 vs 8 plus|iphone x hands on|iphone x vs iphone 8 plus|iphone 8 vs iphone 8 plus|iphone 7 vs 8|2017|unbox therapy|unbox|unboxtherapy|vs",2915162,146049,29293,21722,"https://i.ytimg.com/vi/8ZRCdfaAIy0/default.jpg",28.09
"a-9IZz8Ry5I","Google Pixel 2 Unboxing! (Best Android 8.0 Features)","Marques Brownlee",28,"pixel 2 unboxing|pixel 2|pixel 2 XL|Pixel 2 XL Unboxing|google pixel 2 unboxing|pixel 2 vs|pixel 2 preview|pixel 2 review|MKBHD",1885877,65825,1460,5395,"https://i.ytimg.com/vi/a-9IZz8Ry5I/default.jpg",22.1
"a-9IZz8Ry5I","Google Pixel 2 Unboxing! (Best Android 8.0 Features)","Marques Brownlee",28,"pixel 2 unboxing|pixel 2|pixel 2 XL|Pixel 2 XL Unboxing|google pixel 2 unboxing|pixel 2 vs|pixel 2 preview|pixel 2 review|MKBHD",1232623,53089,1056,5561,"https://i.ytimg.com/vi/a-9IZz8Ry5I/default.jpg",18.1
"9gpjRy3uDUM","Is Space Travel Possible??","ElectroBOOM",28,"educational|electrical|electroboom|electronics|engineering|entertainment|equipment|mehdi|mehdi sadaghdar|arc|mishap|physics|Sadaghdar|science|test|tools|circuit|funny|learn|shock|spark|protection|short circuit|space|space travel|combustion|engine|propulsion|vacuum|thrust|thruster|rocket|cody’slab|Newton|NASA|Saturn V|Apollo|spacecraft|spaceship|satellite|ISS|Space Station",367598,31970,350,3587,"https://i.ytimg.com/vi/9gpjRy3uDUM/default.jpg",21.1
"6Vb6Z9i5sHs","<U+041D><U+0430> <U+0443><U+0447><U+0435><U+043D><U+0438><U+044F><U+0445> «<U+0417><U+0430><U+043F><U+0430><U+0434>-2017» <U+043D><U+0430> <U+043F><U+043E><U+043B><U+0438><U+0433><U+043E><U+043D><U+0435> <U+0432> <U+041B><U+0435><U+043D><U+043E><U+0431><U+043B><U+0430><U+0441><U+0442><U+0438> <U+0431><U+043E><U+0435><U+0432><U+043E><U+0439> <U+0432><U+0435><U+0440><U+0442><U+043E><U+043B><U+0435><U+0442> <U+043F><U+043E><U+043F><U+0430><U+043B> <U+0440><U+0430><U+043A><U+0435><U+0442><U+0430><U+043C><U+0438> <U+043F><U+043E> <U+0437><U+0440><U+0438><U+0442><U+0435><U+043B><U+044F><U+043C>","<U+041C><U+0435><U+0433><U+0430><U+043F><U+043E><U+043B><U+0438><U+0441>",2,"<U+0434><U+0442><U+043F>|<U+0447><U+043F>|<U+0430><U+0432><U+0430><U+0440><U+0438><U+044F>|<U+043A><U+0430><U+0442><U+0430><U+0441><U+0442><U+0440><U+043E><U+0444><U+0430>|<U+043F><U+0440><U+043E><U+0438><U+0441><U+0448><U+0435><U+0441><U+0442><U+0432><U+0438><U+0435>|<U+043D><U+043E><U+0432><U+043E><U+0441><U+0442><U+0438>|<U+041F><U+0438><U+0442><U+0435><U+0440>|<U+0441><U+043F><U+0431>|<U+043F><U+043E><U+0436><U+0430><U+0440>|<U+043C><U+0430><U+0448><U+0438><U+043D><U+0430>|car|crash|incident|accident|emergency|damage|glitch|fire|disaster|affliction",253730,725,97,675,"https://i.ytimg.com/vi/6Vb6Z9i5sHs/default.jpg",21.09
"BY3SLVNBkeo","Learn to Play Cat - Simon's Cat | LOGIC","Simon's Cat",15,"cartoon|simons cat|simon's cat|simonscat|simon tofield|simon the cat|funny cats|cute cats|cat fails|family friendly|animated animals|short animation|animated cats|tofield|simon's katze|simon|cat|black and white|kitty|traditional animation|black and white cat|<U+041A><U+043E><U+0442> <U+0421><U+0430><U+0439><U+043C><U+043E><U+043D><U+0430>|cat lovers|animal (film character)|fail|funny cat|cats|cute|kitten|kittens|pets|simons cats|Cat|Simon|Tofield|cartoons|Toons|Animated|Animation|Kitten|Funny|Humour|fun|videos|cat logic",106186,5080,68,334,"https://i.ytimg.com/vi/BY3SLVNBkeo/default.jpg",26.09
"CAQ2wWVlOuc","Jeff Bezos smashes bottle of champagne while perched on top of a giant wind mill","Tech Insider",28,"Tech Insider|TI|Tech|Science|Innovation|Digital culture|Design|Technology|Jeff Bezos|Amazon|Wind mill|Solar power|Wind power",66230,661,153,203,"https://i.ytimg.com/vi/CAQ2wWVlOuc/default.jpg",22.1
"aawlU1IzuqI","iPhone 8 Charging Speed Comparison - Is Fast-Charging worth it?","AppleInsider",28,"iphone 8 5 watt|iphone 8 fast-charging|iphone 8 12 watt|iphone 8 fast charge|iphone 8 29 watt|iphone 8 charging speed comparison|iphone 8 comparison|iphone 8 charging speed|iphone 8 charging comparison|iphone 8 usb-c|iPhone 8 fast charging|iphone 8 wireless charging|how to fast charge iphone 8 plus|iphone 8 wireless|wireless chargers for iphone 8|iphone 8 wireless charging speed|iphone 8 29W watt charger|iphone 8 belkin|iphone 8 best wireless charger",15798,334,12,43,"https://i.ytimg.com/vi/aawlU1IzuqI/default.jpg",4.1
"W-8nCyXm03E","Whats inside a LIFE SAVING Watch?","What's Inside?",28,"watch|life saving|inflatable|life vest|diving|scuba|surfing|snorkling|swimming|compass|whistle|whats inside|cut open",925514,9016,4020,1942,"https://i.ytimg.com/vi/W-8nCyXm03E/default.jpg",19.1
"_5ZrSKpbdSg","Cassini's Last Looks at Saturn","NASA Jet Propulsion Laboratory",28,"NASA|Jet Propulsion Laboratory|JPL|space|exploration|planets|saturn|cassini|images|spacecraft|grand finale|rings|moons|planet",45382,1268,7,146,"https://i.ytimg.com/vi/_5ZrSKpbdSg/default.jpg",16.09
"JJ5WP2BKigc","Unboxing The Mind Bending Wallpaper TV...","Unbox Therapy",28,"lg wallpaper|lg|wallpaper|lg wallpaper tv|wallpaper tv|tv|oled|oled tv|lg oled|lg wallpaper oled|oled vs|signature|lg signature|oled tv w|lg oled w|samsung|samsung tv|qled|qled tv|unboxing|review|lg wallpaper review|4k|hdr|dolby vision|unbox therapy|therapy|unbox|unboxtherapy|2017|uhd|display|dolby|best tv|lg oled tv|thin|wallpaper oled tv|lg tv|soundbar|ultra hd|technology|gadgets|youtube|vs|4k oled|smart tv|4k tv|new|uhd tv|best tv 2017",2884503,77303,2981,9515,"https://i.ytimg.com/vi/JJ5WP2BKigc/default.jpg",3.1
"UQBNfV9sTCE","Picking up my NEW Mclaren LIVE!! Take 3","Salomondrin",2,"Salomondrin|farshad|hit it pedro|ferrari|lamborghini|funny|review|exhaust|road test|first drive|fast|acceleration|0-60mph|tutorial|grand tour|top gear|streetspeed717|jay lenos garage|jay leno's garage|motor trend|mo vlogs|buzzfeedvideo|evo|juca|car throttle|Garyvee|Gary vaynerchuk|Joe rogan|vlogs|daily vlogs|carfection|vehicle virgins|jon Olsson|mr jww|bangin gears|holy trinity|hyper 5",249768,8089,243,754,"https://i.ytimg.com/vi/UQBNfV9sTCE/default.jpg",3.1
"R00hChXPBE8","Everything From the Google Pixel Event | WIRED","WIRED",28,"android|android os|augmented reality|chromebook|google|google pixel|ar|pixelbook|google pixel 2|phone reviews|google pixel 2 launch|smartphones|google home|pixel buds|sundar pichai|google daydream|google max|google pixelbook|google chromebook|pixel earbuds|babelfish|google phone|google headphones|google event|pixel xl|pixel 2 xl|pixel 2xl|pixel headphone jack|google clips|google press conference|wired|wired.com|tech|technology",281779,4781,196,806,"https://i.ytimg.com/vi/R00hChXPBE8/default.jpg",9.1
"HUUsEgAe8x4","MONSTER FROGFISH FOUND!","Brave Wilderness",15,"venomous|toxic|sea creatures|sea monsters|adventure|adventurous|animals|brave|brave wilderness|breaking|breaking trail|coyote|coyote peterson|peterson|trail|wild|wildlife|beyond the tide|tide pool|salamander|giant salamander|endangered species|hell bender|giant salamander found|frog|frogfish|frog fish|frogfish found|monster|monster frogfish|monster frogfish found|toxic starfish|blobfish|anglerfish|frogfish eating|blobfish swimming|the blobfish|blob fish",1585252,34441,689,5261,"https://i.ytimg.com/vi/HUUsEgAe8x4/default.jpg",30.09
"0s8oYNL1M-A","Goodnight Moon as read by LeVar Burton to Neil deGrasse Tyson","StarTalk Radio",28,"LeVar Burton|Goodnight Moon|Neil deGrasse Tyson|Audible|Andy Weir",107792,3498,56,395,"https://i.ytimg.com/vi/0s8oYNL1M-A/default.jpg",12.1
"VSrEIdhrXB4","How to Build a Teleporter with Aliens","minutephysics",28,"physics|minutephysics|science",379275,15934,605,1817,"https://i.ytimg.com/vi/VSrEIdhrXB4/default.jpg",2.1
"xHvVhhFvLtY","SPIKED by a Sea Urchin?","Brave Wilderness",15,"sting|stung|stinging|adventure|adventurous|animals|breaking trail|coyote|coyote peterson|peterson|trail|wild|worst sting|painful sting|spiked|barbed|stingray sting|creepy creatures|ant sting|do horseshoe crabs sting|alien|bizarre|bizarre creature|huge stinger|will it bite|will it sting|spikey|pinched|pinched by a crab|spiky sea creature|spiked by a sea urchin|sea urchin|hawii|tide pooling|tide pool creatures|fantastic creatures|sea creature|its alive|pac",2333102,46801,954,5702,"https://i.ytimg.com/vi/xHvVhhFvLtY/default.jpg",17.09
"bvim4rsNHkQ","How Not to Land an Orbital Rocket Booster","SpaceX",28,"[none]",1456039,54715,374,4067,"https://i.ytimg.com/vi/bvim4rsNHkQ/default.jpg",15.09
"42G_XzaPcPo","ULTRA RARE! - Velvet Worm","Brave Wilderness",15,"adventure|adventurous|animals|brave|brave wilderness|breaking|breaking trail|coyote|coyote peterson|peterson|trail|wild|wildlife|creepy creatures|worm|bizarre creature|bloodworm|blood worm|venomous worm|worms|alien|alien worm|ultra rare|rarest creature|velvet worm|ultra rare velvet worm|first time filmed|mysterious|mysterious creature|the worm|parasite|rare|wildlife sightings|weird animals|nature documentary|planet earth|macro|slug|red velvet worm|unseen",722939,39830,328,6068,"https://i.ytimg.com/vi/42G_XzaPcPo/default.jpg",21.1
"KQ19fT4BQQU","Arcus3D C1 - It moves, kinda","Arcus-3D",28,"[none]",3600,15,0,2,"https://i.ytimg.com/vi/KQ19fT4BQQU/default.jpg",13.1
"UQBNfV9sTCE","Picking up my NEW Mclaren LIVE!! Take 3","Salomondrin",2,"Salomondrin|farshad|hit it pedro|ferrari|lamborghini|funny|review|exhaust|road test|first drive|fast|acceleration|0-60mph|tutorial|grand tour|top gear|streetspeed717|jay lenos garage|jay leno's garage|motor trend|mo vlogs|buzzfeedvideo|evo|juca|car throttle|Garyvee|Gary vaynerchuk|Joe rogan|vlogs|daily vlogs|carfection|vehicle virgins|jon Olsson|mr jww|bangin gears|holy trinity|hyper 5",239311,7924,236,744,"https://i.ytimg.com/vi/UQBNfV9sTCE/default.jpg",2.1
"8PDnSzf_TV8","Google Pixelbook first look","The Verge",28,"Pixelbook Chromebook|new google chromebook|pixelbook|2017 chromebook|google|the verge|verge|Dieter Bohn",589482,8918,511,1530,"https://i.ytimg.com/vi/8PDnSzf_TV8/default.jpg",7.1
"735_W3zsIw4","This drone that carries your child is terrifying","Simone Giertz",28,"drone|baby|how to fly a drone|parenting tips|shitty parenting|shitty robot|phantom 3|DJI drones|DJI|strollers|how to carry children|children|toddlers|dolls|plastic dolls|patreon",149411,8236,368,716,"https://i.ytimg.com/vi/735_W3zsIw4/default.jpg",24.09
"etmUU1bs41s","Funny you should ask...","Google",28,"google|google phone|google hardware|october 4th google|10/4 google|emmys ad|google emmys ad|google emmys",2088810,29100,4783,5131,"https://i.ytimg.com/vi/etmUU1bs41s/default.jpg",19.09
"YicuZ0gYH_o","The U.S. & Russia Are Building a Deep Space Gateway, Here's What You Need to Know","Seeker",28,"current events|Science|video|NASA|moon|Russia|roscomos|ISS|is the ISS|abandoned|new space station|colonize|moon colony|when are we going to mars|back to the moon|trump|pence|funding|Nasa news|space station|are we going back to the moon|elon musk|nasa news|mars|2024|2033|how soon|Seeker|seeker daily|seeker stories|science|dnews|education|educational|discovery news|C-Space",260419,7196,330,1179,"https://i.ytimg.com/vi/YicuZ0gYH_o/default.jpg",17.1
"PgeJ0XYuI2E","DxOMark Smartphone Ratings: Explained!","Marques Brownlee",28,"dxomark|dxo|dxo scores|DxOMark|smartphone cameras|best smartphone cameras|best camera|best cameras|phone cameras|iphone 8|iphone x|note 8|galaxy note 8|iphone 8 camera|iPhone camera|dxomark camera|best dxomark|highest dxomark|dxo scale|MKBHD",485033,42134,535,4337,"https://i.ytimg.com/vi/PgeJ0XYuI2E/default.jpg",13.1
"_bZlb62VVlw","What Uses Less Gas - Coasting Or Engine Braking?","Engineering Explained",2,"save fuel|save gas|gas money|gas prices|what uses less fuel|what uses less gas|cost of gas|oil barrel|coast or engine brake|coast in neutral|neutral vs gear|audi|honda|bmw|mercedes|dodge|jeep|chevy|ford|subaru|mazda|nissan|toyota|vw|acura|lexus|infiniti|hyundai|kia|ferrari|Ram|Cadillac|GMC|porsche|fiat|jaguar|lamborghini|maserati|aston martin|alfa romeo|mclaren|koenigsegg|valvoline|pennzoil|castrol|mobil1|shell|chevron",454043,8862,361,1890,"https://i.ytimg.com/vi/_bZlb62VVlw/default.jpg",20.1
"Vjc459T6wX8","<U+66F4><U+306A><U+308B><U+30D5><U+30A3><U+30C3><U+30C8><U+611F><U+3092><U+8FFD><U+6C42><U+3059><U+308B><U+306D><U+3053><U+3002>-Maru wishes for more fitting feeling.-","mugumogu",15,"Maru|cat|kitty|pets|<U+307E><U+308B>|<U+732B>|<U+306D><U+3053>",61085,3797,9,362,"https://i.ytimg.com/vi/Vjc459T6wX8/default.jpg",14.09
"xGuGjvIfof8","My Favorite Tech of the Month - September!","UrAvgConsumer",28,"uravgconsumer|uac|your average consumer|gunpla|tech 2017|gundam|tech bag|gadget backpack|gaming laptop|acer predator helios 300|overview|vs|best tech|best portable charger|electric skateboard",279530,10399,408,985,"https://i.ytimg.com/vi/xGuGjvIfof8/default.jpg",3.1
"qPDZZj6By3Y","Killer Whales Attack Minke - Frozen Planet - BBC Earth","BBC Earth",15,"BBC|BBC Worldwide|Nature|Natural History|Animals|Wildlife|Wild|hunting|minke whale|whale|mammals|enormous|ocean|marine|shocking|bbc documentary|bbc earth|killer whale|orca|hunt|sea|whales",180554,3458,113,459,"https://i.ytimg.com/vi/qPDZZj6By3Y/default.jpg",14.09
"c8xGJju2x20","Das aCar auf der IAA","TUMuenchen1",28,"aCar mobility|IAA 2017|Lehrstuhl für Fahrzeugtechnik|Lehrstuhl für Umformtechnik und Gießereiwesen|Lehrstuhl für Industrial Design|Lehrstuhl für Strategie und Organisation|Elektromobilität",37093,61,119,75,"https://i.ytimg.com/vi/c8xGJju2x20/default.jpg",20.09
"lse3oJfPPk4","Apple Watch Series 3 with LTE review","The Verge",28,"thing good from Lauren's post. Tags: Apple Watch 3 review|Apple Watch 3|Apple Watch Series 3 review|Apple Watch Series 3|apple watch cellular|apple watch|series 3|new apple watch|the verge|verge|lauren goode",397783,6295,697,843,"https://i.ytimg.com/vi/lse3oJfPPk4/default.jpg",25.09
"YCYXUi_5kns","Spiny Lizard Catches Me!","Brave Wilderness",15,"adventure|adventurous|animals|breaking|breaking trail|coyote|coyote peterson|peterson|trail|wild|season 2|new season|collared lizard|lizard|reptile|desert lizard|desert reptiles|common collared lizard|sonoran desert|desert|snake|cacti|Desert WIldlife|adventure show|bitten|catching collard lizards|animal bite|lizard bite|bitten by a lizard|fastest lizard|spiny lizard|spiny lizard catches me|spined lizard|spiny lizard bite|spiny|desert spiny lizard|lizards",750038,25932,257,3987,"https://i.ytimg.com/vi/YCYXUi_5kns/default.jpg",13.1
"WYYvHb03Eog","Apple iPhone X first look","The Verge",28,"iPhone X|iphone x hands on|iPhone X first look|apple iphone x|iphone 2017|iPhone X price|iPhone X specs|iPhone X home button|iPhone X release date|iPhone X design|iPhone X camera|iPhone X wireless charging|iPhone X waterproof|apple|iphone|the verge|verge",4804702,35719,7384,13127,"https://i.ytimg.com/vi/WYYvHb03Eog/default.jpg",19.09
"2HcqS508lIo","The US Military's Most Powerful Gun","Real Engineering",28,"railgun|military|gun|powerful|electromagnetic gun|electric gun|naval artillery|science|engineering|history|real engineering",284649,10852,278,1068,"https://i.ytimg.com/vi/2HcqS508lIo/default.jpg",14.1
"Koxzz7LDmEE","The Spa Car Drivable Hot Tub","colinfurze",2,"colin|furze|drivable hot tub|hot tub|car|swimming pool|on wheels|google|car spa|bmw|e30|amazing|splashing|bbq|fake grass|leaf blowers|bubbles|lights|fast|crazy|insane|subscribe|how to|making of|building|homemade|shed|welding",1873388,78550,1450,5133,"https://i.ytimg.com/vi/Koxzz7LDmEE/default.jpg",23.09
"YCYXUi_5kns","Spiny Lizard Catches Me!","Brave Wilderness",15,"adventure|adventurous|animals|breaking|breaking trail|coyote|coyote peterson|peterson|trail|wild|season 2|new season|collared lizard|lizard|reptile|desert lizard|desert reptiles|common collared lizard|sonoran desert|desert|snake|cacti|Desert WIldlife|adventure show|bitten|catching collard lizards|animal bite|lizard bite|bitten by a lizard|fastest lizard|spiny lizard|spiny lizard catches me|spined lizard|spiny lizard bite|spiny|desert spiny lizard|lizards",843942,27612,273,4116,"https://i.ytimg.com/vi/YCYXUi_5kns/default.jpg",15.1
"5qlSfNVp3fU","Crazy Lion Plays Fetch Like a Dog!","Cole and Marmalade",15,"cats|cat videos|funny cat videos|Cole and Marmalade|Big Cat Rescue|Crazy Lion|Lion Attack|lion hunting|Africa|Biggest lion|biggest cat that purrs|lion roar|purr|roar|scary|angry lion|circus|rescued|Emoya|Sanctuary|lion fight|lion climbs tree|cat stuck in tree|weird|behavior|crazy|fail|best",376610,8214,240,111,"https://i.ytimg.com/vi/5qlSfNVp3fU/default.jpg",19.1
"KQ19fT4BQQU","Arcus3D C1 - It moves, kinda","Arcus-3D",28,"[none]",4785,20,1,2,"https://i.ytimg.com/vi/KQ19fT4BQQU/default.jpg",14.1
"zqE-ultsWt0","BFR | Earth to Earth","SpaceX",28,"[none]",2604207,47102,1033,8434,"https://i.ytimg.com/vi/zqE-ultsWt0/default.jpg",4.1
"8kpD3XCp49o","iPhone 8 Plus vs. Galaxy Note 8 Speed Test","PhoneBuff",28,"iPhone 8 Plus vs Galaxy Note 8 speed test|iPhone 8 vs Note 8 speed test|iPhone 8 Plus vs Galaxy Note 8|speed test|benchmark|phonebuffstyle|Samsung|Apple|Galaxy Note 8|iPhone 8 Plus|performance test",408297,8754,914,3529,"https://i.ytimg.com/vi/8kpD3XCp49o/default.jpg",1.1
"_5ZrSKpbdSg","Cassini's Last Looks at Saturn","NASA Jet Propulsion Laboratory",28,"NASA|Jet Propulsion Laboratory|JPL|space|exploration|planets|saturn|cassini|images|spacecraft|grand finale|rings|moons|planet",104520,2039,23,260,"https://i.ytimg.com/vi/_5ZrSKpbdSg/default.jpg",17.09
"WYYvHb03Eog","Apple iPhone X first look","The Verge",28,"iPhone X|iphone x hands on|iPhone X first look|apple iphone x|iphone 2017|iPhone X price|iPhone X specs|iPhone X home button|iPhone X release date|iPhone X design|iPhone X camera|iPhone X wireless charging|iPhone X waterproof|apple|iphone|the verge|verge",4633101,35111,7231,12823,"https://i.ytimg.com/vi/WYYvHb03Eog/default.jpg",17.09
"ruTB5jBGXsE","BRAND NEW B&W | Spider Cat - Simon's Cat (Halloween Special)","Simon's Cat",15,"cartoon|simons cat|simon's cat|simonscat|simon tofield|simon the cat|funny cats|cute cats|cat fails|family friendly|animated animals|short animation|animated cats|tofield|simon's katze|simon|cat|black and white|kitty|traditional animation|black and white cat|<U+041A><U+043E><U+0442> <U+0421><U+0430><U+0439><U+043C><U+043E><U+043D><U+0430>|cat lovers|fail|cats|cute|kitten|kittens|simons cats|Cat|Simon|Tofield|cartoons|Toons|Animated|Animation|Kitten|Funny|Humour|fun|videos|halloween|spooky|spider|spidercat|spider cat",341350,13848,195,656,"https://i.ytimg.com/vi/ruTB5jBGXsE/default.jpg",8.1
"R00hChXPBE8","Everything From the Google Pixel Event | WIRED","WIRED",28,"android|android os|augmented reality|chromebook|google|google pixel|ar|pixelbook|google pixel 2|phone reviews|google pixel 2 launch|smartphones|google home|pixel buds|sundar pichai|google daydream|google max|google pixelbook|google chromebook|pixel earbuds|babelfish|google phone|google headphones|google event|pixel xl|pixel 2 xl|pixel 2xl|pixel headphone jack|google clips|google press conference|wired|wired.com|tech|technology",272377,4681,190,989,"https://i.ytimg.com/vi/R00hChXPBE8/default.jpg",7.1
"_HTXMhKWqnA","iPhone X Impressions & Hands On!","Marques Brownlee",28,"iPhone X|iphone x|iphone 10|iPhone X impressions|hands on|iphone 8|iphone 8 plus|iphone 8 impressions|iPhone X hands on|new iphone|iphone unboxing|iphone x unboxing|iphone x announcement|the iphone x|iphone x vs|iPhone X vs iPhone 8|iPhone 8 vs|MKBHD|iphone x features|iphone x keynote|face id|face unlock|super retina display",3970421,107888,3861,22556,"https://i.ytimg.com/vi/_HTXMhKWqnA/default.jpg",15.09
"4xbFVdoRzLQ","How To Stop A North Korean Nuclear Missile","Real Engineering",28,"missile|north korea|nuclear|defence|stop|protect|engineering|science|physics|thaad|aegis|patriot|weapon|how aegis works|north korea missile|icbm animation|icbm interceptor|icbm test|icbm launch|thaad missile test system|thaad test|how to stop a icbm|kim jong un|nuclear weapons|north korea nukes|how does thaad work|how does aegis work|multiple kill vehicle|missile defense|how thaad works|real engineering",384333,13379,371,1330,"https://i.ytimg.com/vi/4xbFVdoRzLQ/default.jpg",4.1
"xEqCt7GZo7M","DIY Electric ultralight pt5 (Making the Wings)","PeterSripol",28,"DIY|Ultralight|diy projects|electric|airplane|part5|part 103|103|homebuilt|aviation",183208,7486,89,2479,"https://i.ytimg.com/vi/xEqCt7GZo7M/default.jpg",18.1
"NPptT6BsnWQ","iPhone 8 and iPhone 8 Plus Unboxing and First Impressions","Flossy Carter",28,"iphone 8|plus|unboxing|review|first|impressions|vs|iphone 7|iphone x|preview|ios 11|update|best|new|portrait|mode|camera|flossy|carter|floss|real|reviews|unbox therapy|mkbhd|the verge|cnet|phonedog|pocketnow|android authority|linustechtips|uravargeconsumer|everythingapplepro|jailbreak|samsung|galaxy|note 8|s8|s8 plus|s7|edge|wireless|charging|drop|test|bend|break|cases|accessories|extended|battery|ipad|ipod|touch|lg|v30|g6|mate 10|htc|u 11|google|pixel|xl 2|moto",126505,4675,216,1460,"https://i.ytimg.com/vi/NPptT6BsnWQ/default.jpg",27.09
"Vjc459T6wX8","<U+66F4><U+306A><U+308B><U+30D5><U+30A3><U+30C3><U+30C8><U+611F><U+3092><U+8FFD><U+6C42><U+3059><U+308B><U+306D><U+3053><U+3002>-Maru wishes for more fitting feeling.-","mugumogu",15,"Maru|cat|kitty|pets|<U+307E><U+308B>|<U+732B>|<U+306D><U+3053>",43199,3263,7,294,"https://i.ytimg.com/vi/Vjc459T6wX8/default.jpg",13.09
"PKdKzs0xS9c","10 Kitchen Gadgets put to the Test - Part 18","CrazyRussianHacker",28,"Kitchen Gadgets|review|gadgets test|unboxing|cool gadgets|7 Weird Alarm Clocks put to the Test|10 Kitchen Gadgets|testing kitchen gadgets|5 Sushi Gadgets put to the Test|Test",1525469,28743,1123,4350,"https://i.ytimg.com/vi/PKdKzs0xS9c/default.jpg",22.1
"_bZlb62VVlw","What Uses Less Gas - Coasting Or Engine Braking?","Engineering Explained",2,"save fuel|save gas|gas money|gas prices|what uses less fuel|what uses less gas|cost of gas|oil barrel|coast or engine brake|coast in neutral|neutral vs gear|audi|honda|bmw|mercedes|dodge|jeep|chevy|ford|subaru|mazda|nissan|toyota|vw|acura|lexus|infiniti|hyundai|kia|ferrari|Ram|Cadillac|GMC|porsche|fiat|jaguar|lamborghini|maserati|aston martin|alfa romeo|mclaren|koenigsegg|valvoline|pennzoil|castrol|mobil1|shell|chevron",228164,6207,209,1489,"https://i.ytimg.com/vi/_bZlb62VVlw/default.jpg",16.1
"cWfTBkTJOH8","Diving with Sea Turtles!","Brave Wilderness",15,"adventure|adventurous|animals|breaking trail|coyote|coyote peterson|peterson|wild|fantastic sea creatures|sea creatures|sea creature|fantastic sea creatures and where to find them|sea turtle|diving|hawaii|scuba diving|beyond the tide|green sea turtle|adventure movies|turtle|turtles|baby sea turtles|sea turtles|sea turtle camera|giant turtle|sea turtle swimming|sea turtle conservation|finding nemo|turtle finding nemo|diving with sea turtles|sea|seaturtle",491160,18080,236,3070,"https://i.ytimg.com/vi/cWfTBkTJOH8/default.jpg",22.09
"z1g7n0QZvvE","Apple Watch Series 3 hands on","TechCrunch",28,"apple watch series 3|apple watch|hands on apple watch|first look apple watch|apple watch first look|watch|apple watch new|new apple watch",33997,180,10,67,"https://i.ytimg.com/vi/z1g7n0QZvvE/default.jpg",15.09
"6Vb6Z9i5sHs","<U+041D><U+0430> <U+0443><U+0447><U+0435><U+043D><U+0438><U+044F><U+0445> «<U+0417><U+0430><U+043F><U+0430><U+0434>-2017» <U+043D><U+0430> <U+043F><U+043E><U+043B><U+0438><U+0433><U+043E><U+043D><U+0435> <U+0432> <U+041B><U+0435><U+043D><U+043E><U+0431><U+043B><U+0430><U+0441><U+0442><U+0438> <U+0431><U+043E><U+0435><U+0432><U+043E><U+0439> <U+0432><U+0435><U+0440><U+0442><U+043E><U+043B><U+0435><U+0442> <U+043F><U+043E><U+043F><U+0430><U+043B> <U+0440><U+0430><U+043A><U+0435><U+0442><U+0430><U+043C><U+0438> <U+043F><U+043E> <U+0437><U+0440><U+0438><U+0442><U+0435><U+043B><U+044F><U+043C>","<U+041C><U+0435><U+0433><U+0430><U+043F><U+043E><U+043B><U+0438><U+0441>",2,"<U+0434><U+0442><U+043F>|<U+0447><U+043F>|<U+0430><U+0432><U+0430><U+0440><U+0438><U+044F>|<U+043A><U+0430><U+0442><U+0430><U+0441><U+0442><U+0440><U+043E><U+0444><U+0430>|<U+043F><U+0440><U+043E><U+0438><U+0441><U+0448><U+0435><U+0441><U+0442><U+0432><U+0438><U+0435>|<U+043D><U+043E><U+0432><U+043E><U+0441><U+0442><U+0438>|<U+041F><U+0438><U+0442><U+0435><U+0440>|<U+0441><U+043F><U+0431>|<U+043F><U+043E><U+0436><U+0430><U+0440>|<U+043C><U+0430><U+0448><U+0438><U+043D><U+0430>|car|crash|incident|accident|emergency|damage|glitch|fire|disaster|affliction",351159,794,100,453,"https://i.ytimg.com/vi/6Vb6Z9i5sHs/default.jpg",23.09
"5jRYB3nGxmc","Cassini Burns into Saturn After Grand Finale | Out There","The New York Times",28,"The New York Times|NY Times|NYT|Times Video|nytimes.com|news|newspaper|feature|reporting|Cassini|Cassini Grand Finale|Saturn|Cassini Burns into Saturn|Cassini Final Voyage|cassini images|cassini spacecraft|cassini saturn|nasa cassini|cassini probe|cassini satellite|cassini photos|cassini mission|space|outer space|out there|Cassini Huygens|NASA Cassini Spacraft",59135,1604,36,183,"https://i.ytimg.com/vi/5jRYB3nGxmc/default.jpg",16.09
"MFoODeZfSD0","Can a Laser Cook Potato Chips?","William Osman",28,"laser cutter|william osman|crappy science|potato chips|cooking|diwhy|how to make potato chips|diy",601410,11390,1420,2043,"https://i.ytimg.com/vi/MFoODeZfSD0/default.jpg",30.09
"wQD1JvJZXdI","Samsung Galaxy Note 8 Review: A $1000 Android!","Marques Brownlee",28,"note 8|galaxy note 8|note 8 review|galaxy note 8 review|Samsung Note|Samsung Note 8|stylus|s-pen|unboxing|note 8 unboxing|Note 8 vs|Note 8 camera|Note 8 vs iPhone|Galaxy Note 8 vs|Galaxy Note|samsung galaxy note|samsung s8|galaxy s8|samsug note 8|samsung 8|MKBHD",1628885,54308,1390,7325,"https://i.ytimg.com/vi/wQD1JvJZXdI/default.jpg",25.09
"_38JDGnr0vA","Blue Planet II : The Prequel","BBC Earth",15,"BBC|BBC Worldwide|Nature|Natural History|Animals|Wildlife|Wild|bbc earth|sir david attenborough|planet earth|planet earth 2|planet earth II|blue planet|blue planet II|blue planet 2|hans zimmer|radiohead|thom york|prequel|music collaboration|ocean|oceans|sea|water|whale|shark|octopus|bbc documentary|<U+092C><U+0940><U+092C><U+0940><U+0938><U+0940>|<U+0917><U+094D><U+0930><U+0939> <U+092A><U+0943><U+0925><U+094D><U+0935><U+0940> II|<U+0928><U+0940><U+0932><U+0947> <U+0917><U+094D><U+0930><U+0939> II|<U+0928><U+0940><U+0932><U+093E> <U+0917><U+094D><U+0930><U+0939>|<U+0928><U+0940><U+0932><U+0947> <U+0917><U+094D><U+0930><U+0939> 2",1075482,30210,264,2648,"https://i.ytimg.com/vi/_38JDGnr0vA/default.jpg",30.09
"CYoRmfI0LUc","Hello, world. Meet our baby girl: Alexis Olympia Ohanian, Jr.","Alexis Ohanian",28,"[none]",2379689,24008,4727,7665,"https://i.ytimg.com/vi/CYoRmfI0LUc/default.jpg",20.09
"uxI-8GTqDYA","How To Survive The Apocalypse  - Scientific Survival Tips","AsapSCIENCE",28,"Science|AsapSCIENCE|Survival|Nuclear War|North Korea|Donald Trump|How to survive nuclear war|surviving in the wild|survival tips that could save your life|zombie apocalypse|apocalypse|end of the world|how to survive|survival tips|how to stay alive in the woods|what if we have a nuclear war|wildnerness|alone in the wildnerness|stranded on an island|survivor|how do bacteria rule over your body|is reality real|in a nutshell|humans in 1000 years",738965,29102,637,2446,"https://i.ytimg.com/vi/uxI-8GTqDYA/default.jpg",11.1
"WYYvHb03Eog","Apple iPhone X first look","The Verge",28,"iPhone X|iphone x hands on|iPhone X first look|apple iphone x|iphone 2017|iPhone X price|iPhone X specs|iPhone X home button|iPhone X release date|iPhone X design|iPhone X camera|iPhone X wireless charging|iPhone X waterproof|apple|iphone|the verge|verge",4744488,35529,7328,13000,"https://i.ytimg.com/vi/WYYvHb03Eog/default.jpg",18.09
"hwNIzQLtHnU","Original Prusa i3 MK3 Release!","Josef Prusa",28,"prusai3|original|3dprint|3dtisk|3d tisk|filament|prusa i3|Josef Pruša|Pruša|Prusa Research|print|3D",55720,1380,36,266,"https://i.ytimg.com/vi/hwNIzQLtHnU/default.jpg",26.09
"mEYKFjd7aHo","Dog Spells Her Name!","Penny Loggins",15,"dogs|dog tricks|dog training|amazing|adorable|cute|smart dog|dog|puppy|learning|spelling",3680,10,2,6,"https://i.ytimg.com/vi/mEYKFjd7aHo/default.jpg",5.1
"9y62mZn0LXQ","Bad Breath Tester?! | 10 Wacky Ebay Products!","Matthias",28,"ebay items|weird ebay items|strange ebay|weirdest things sold on ebay|ebay shopping|strange things on|shopping online|found on ebay|weird tech|useless gadget|cheap products|weird products|gag gifts|matthias|matthiasiam|hi5 studios|#M734",1318696,93422,2293,10785,"https://i.ytimg.com/vi/9y62mZn0LXQ/default.jpg",21.09
"nQDcDZ6rmGE","Flight of the Year // Trains, Bridges, Rapids, Mountains, Sunset, Gapping, Perching, Powerlooping","NURK FPV",28,"fpv|drone|fpv drone|fpving|fpv racing|drone racing|fpv drone racing|winter drone racing|fpv drones|drones|drone vlog|vlog drone|drone vlogging|drone nationals|drone nationals 2016|2016",660885,7843,344,1173,"https://i.ytimg.com/vi/nQDcDZ6rmGE/default.jpg",24.09
"c8xGJju2x20","Das aCar auf der IAA","TUMuenchen1",28,"aCar mobility|IAA 2017|Lehrstuhl für Fahrzeugtechnik|Lehrstuhl für Umformtechnik und Gießereiwesen|Lehrstuhl für Industrial Design|Lehrstuhl für Strategie und Organisation|Elektromobilität",21973,42,90,65,"https://i.ytimg.com/vi/c8xGJju2x20/default.jpg",18.09
"9y62mZn0LXQ","Bad Breath Tester?! | 10 Wacky Ebay Products!","Matthias",28,"ebay items|weird ebay items|strange ebay|weirdest things sold on ebay|ebay shopping|strange things on|shopping online|found on ebay|weird tech|useless gadget|cheap products|weird products|gag gifts|matthias|matthiasiam|hi5 studios|#M734",1361152,95092,2327,10897,"https://i.ytimg.com/vi/9y62mZn0LXQ/default.jpg",22.09
"5NX-U36VDis","Building the Ultimate PS4 Pro","Austin Evans",28,"ps4|ps4 pro|playstation 4|playstation 4 pro|playstation|building the ultimate ps4|sony|gaming|console|unboxing|game console|austin evans",465982,20482,862,2994,"https://i.ytimg.com/vi/5NX-U36VDis/default.jpg",9.1
"gMhysL2A8Qk","Nissan Heisman House | Teboween","Nissan USA",2,"nissan|heisman|heisman house|football|college football|Tim Tebow|Derrick Henry|Halloween|Funny Commercial",55878,135,0,9,"https://i.ytimg.com/vi/gMhysL2A8Qk/default.jpg",7.1
"Q07Cp6tswnQ","The Road to 5,000,000! [LIVE]","Marques Brownlee",28,"MKBHD|5 million|5M",722624,35824,730,4923,"https://i.ytimg.com/vi/Q07Cp6tswnQ/default.jpg",17.09
"xHvVhhFvLtY","SPIKED by a Sea Urchin?","Brave Wilderness",15,"sting|stung|stinging|adventure|adventurous|animals|breaking trail|coyote|coyote peterson|peterson|trail|wild|worst sting|painful sting|spiked|barbed|stingray sting|creepy creatures|ant sting|do horseshoe crabs sting|alien|bizarre|bizarre creature|huge stinger|will it bite|will it sting|spikey|pinched|pinched by a crab|spiky sea creature|spiked by a sea urchin|sea urchin|hawii|tide pooling|tide pool creatures|fantastic creatures|sea creature|its alive|pac",1398322,35880,619,6246,"https://i.ytimg.com/vi/xHvVhhFvLtY/default.jpg",14.09
"U1ArsQ72hRA","Animal Adventure Park Giraffe Cam","Animal Adventure Park",15,"Giraffe|Zoo|New York|giraffe cam|Animal|Adventure|Animal Adventure|Harpursville|Park",22895,1688,21,14,"https://i.ytimg.com/vi/U1ArsQ72hRA/default.jpg",20.09
"bvim4rsNHkQ","How Not to Land an Orbital Rocket Booster","SpaceX",28,"[none]",2791685,77533,684,5246,"https://i.ytimg.com/vi/bvim4rsNHkQ/default.jpg",19.09
"RLmqKBRqyA8","LEGO Ultimate Collectors Series Millennium Falcon (2017) Review!","Tested",28,"tested|testedcom|adam savage|lego|ucs|millennium falcon|build|review|2017|2007|vs|comparison|75192|brick",251950,5933,131,495,"https://i.ytimg.com/vi/RLmqKBRqyA8/default.jpg",18.09
"2iObySa91b0","Google Pixel 2 Impressions!","Marques Brownlee",28,"pixel 2|google pixel 2|google pixel|madebygoogle|made by google|google phone|google pixel phone|pixel 2 xl|Pixel 2 XL|pixel 2 impressions|pixel 2 review|pixel 2 vs|google pixel 2 vs|google pixel 2 unboxing|google pixel 2 review|pixel 2 preview|pixel 2 camera",2426245,68771,1935,12808,"https://i.ytimg.com/vi/2iObySa91b0/default.jpg",7.1
"DjKEZbe4V9M","The Fidget Spinner Phone Is Real...","Unbox Therapy",28,"fidget spinner phone|fidget|spinner|phone|fidget spinner|smartphone|india|fidget toys|fidget spinners|fidget spinner tricks|toy|best fidget spinner|spinners|unbox therapy|unbox|therapy|unboxing|unboxtherapy|2017|iphone 8|apple|iphone|iphone x|fidget spinner video|review|iphone 8 plus|vs|technology|gadgets|android|samsung|tech|galaxy s8|spinning|youtube|gadget|apple iphone x|apple iphone 8|8 plus|iphone x review|iphone x vs|iphone 8 review|new|best",1259050,34880,2107,4403,"https://i.ytimg.com/vi/DjKEZbe4V9M/default.jpg",19.1
"Q07Cp6tswnQ","The Road to 5,000,000! [LIVE]","Marques Brownlee",28,"MKBHD|5 million|5M",837476,39223,841,4158,"https://i.ytimg.com/vi/Q07Cp6tswnQ/default.jpg",20.09
"KMZ2vfIoA9k","Mexico is planning to build its own Hyperloop","Tech Insider",28,"Tech Insider|TI|Tech|Science|Innovation|Digital culture|Design|Technology",56336,1630,74,1149,"https://i.ytimg.com/vi/KMZ2vfIoA9k/default.jpg",29.09
"42G_XzaPcPo","ULTRA RARE! - Velvet Worm","Brave Wilderness",15,"adventure|adventurous|animals|brave|brave wilderness|breaking|breaking trail|coyote|coyote peterson|peterson|trail|wild|wildlife|creepy creatures|worm|bizarre creature|bloodworm|blood worm|venomous worm|worms|alien|alien worm|ultra rare|rarest creature|velvet worm|ultra rare velvet worm|first time filmed|mysterious|mysterious creature|the worm|parasite|rare|wildlife sightings|weird animals|nature documentary|planet earth|macro|slug|red velvet worm|unseen",1152142,49337,476,7325,"https://i.ytimg.com/vi/42G_XzaPcPo/default.jpg",22.1
"CYoRmfI0LUc","Hello, world. Meet our baby girl: Alexis Olympia Ohanian, Jr.","Alexis Ohanian",28,"[none]",1110865,11255,1817,3631,"https://i.ytimg.com/vi/CYoRmfI0LUc/default.jpg",14.09
"_bZlb62VVlw","What Uses Less Gas - Coasting Or Engine Braking?","Engineering Explained",2,"save fuel|save gas|gas money|gas prices|what uses less fuel|what uses less gas|cost of gas|oil barrel|coast or engine brake|coast in neutral|neutral vs gear|audi|honda|bmw|mercedes|dodge|jeep|chevy|ford|subaru|mazda|nissan|toyota|vw|acura|lexus|infiniti|hyundai|kia|ferrari|Ram|Cadillac|GMC|porsche|fiat|jaguar|lamborghini|maserati|aston martin|alfa romeo|mclaren|koenigsegg|valvoline|pennzoil|castrol|mobil1|shell|chevron",446665,8703,357,1883,"https://i.ytimg.com/vi/_bZlb62VVlw/default.jpg",19.1
"k8LF_FU2luY","Track Testing Continued","Bollinger Motors",2,"truck|track|bollinger motors|b1|electric car|electric truck|ev|all electric|testing|development|charge|charged|sport utility|suv|sport utility truck|work truck|work|farming|farm|off road|off roading|overlanding|sport|fun",9711,35,0,1,"https://i.ytimg.com/vi/k8LF_FU2luY/default.jpg",21.09
"C-V1uXeyGmg","Laser + mirror + sound","Steve Mould",28,"Explained|understand|laser|sound|resonance",51739,3812,21,580,"https://i.ytimg.com/vi/C-V1uXeyGmg/default.jpg",29.09
"RLmqKBRqyA8","LEGO Ultimate Collectors Series Millennium Falcon (2017) Review!","Tested",28,"tested|testedcom|adam savage|lego|ucs|millennium falcon|build|review|2017|2007|vs|comparison|75192|brick",91673,3258,55,349,"https://i.ytimg.com/vi/RLmqKBRqyA8/default.jpg",16.09
"IMG0u0_cKNc","Here's what happens when two hurricanes collide","Tech Insider",28,"Tech Insider|TI|Tech|Science|Innovation|Digital culture|Design|Technology|Hurricane|Hurricane Irma|Hurricane Jose|Hurricane Irwin|Florida|Weather|Global Warming|Climate Change",151736,2153,102,444,"https://i.ytimg.com/vi/IMG0u0_cKNc/default.jpg",14.09
"etmUU1bs41s","Funny you should ask...","Google",28,"google|google phone|google hardware|october 4th google|10/4 google",1302666,22810,3615,5460,"https://i.ytimg.com/vi/etmUU1bs41s/default.jpg",16.09
"ruTB5jBGXsE","BRAND NEW B&W | Spider Cat - Simon's Cat (Halloween Special)","Simon's Cat",15,"cartoon|simons cat|simon's cat|simonscat|simon tofield|simon the cat|funny cats|cute cats|cat fails|family friendly|animated animals|short animation|animated cats|tofield|simon's katze|simon|cat|black and white|kitty|traditional animation|black and white cat|<U+041A><U+043E><U+0442> <U+0421><U+0430><U+0439><U+043C><U+043E><U+043D><U+0430>|cat lovers|fail|cats|cute|kitten|kittens|simons cats|Cat|Simon|Tofield|cartoons|Toons|Animated|Animation|Kitten|Funny|Humour|fun|videos|halloween|spooky|spider|spidercat|spider cat",446773,16384,254,746,"https://i.ytimg.com/vi/ruTB5jBGXsE/default.jpg",9.1
"JJ5WP2BKigc","Unboxing The Mind Bending Wallpaper TV...","Unbox Therapy",28,"lg wallpaper|lg|wallpaper|lg wallpaper tv|wallpaper tv|tv|oled|oled tv|lg oled|lg wallpaper oled|oled vs|signature|lg signature|oled tv w|lg oled w|samsung|samsung tv|qled|qled tv|unboxing|review|lg wallpaper review|4k|hdr|dolby vision|unbox therapy|therapy|unbox|unboxtherapy|2017|uhd|display|dolby|best tv|lg oled tv|thin|wallpaper oled tv|lg tv|soundbar|ultra hd|technology|gadgets|youtube|vs|4k oled|smart tv|4k tv|new|uhd tv|best tv 2017",3205970,82608,3308,10171,"https://i.ytimg.com/vi/JJ5WP2BKigc/default.jpg",4.1
"L87l9-2B0ug","How To Waste $200 on Amazon...","Austin Evans",28,"tech|amazon|gadgets|cool gadgets|technology|cool tech|amazon gadgets|gadgets under|gadgets on amazon|on amazon|austin evans",377165,14803,844,1203,"https://i.ytimg.com/vi/L87l9-2B0ug/default.jpg",22.1
"ZB_g0QnYMkM","Animal Adventure Park Giraffe Cam","Animal Adventure Park",15,"Giraffe|Zoo|New York|giraffe cam|Animal|Adventure|Animal Adventure|Harpursville|Park",35450,1834,21,12,"https://i.ytimg.com/vi/ZB_g0QnYMkM/default.jpg",12.1
"ruTB5jBGXsE","BRAND NEW B&W | Spider Cat - Simon's Cat (Halloween Special)","Simon's Cat",15,"cartoon|simons cat|simon's cat|simonscat|simon tofield|simon the cat|funny cats|cute cats|cat fails|family friendly|animated animals|short animation|animated cats|tofield|simon's katze|simon|cat|black and white|kitty|traditional animation|black and white cat|<U+041A><U+043E><U+0442> <U+0421><U+0430><U+0439><U+043C><U+043E><U+043D><U+0430>|cat lovers|fail|cats|cute|kitten|kittens|simons cats|Cat|Simon|Tofield|cartoons|Toons|Animated|Animation|Kitten|Funny|Humour|fun|videos|halloween|spooky|spider|spidercat|spider cat",158078,9548,109,414,"https://i.ytimg.com/vi/ruTB5jBGXsE/default.jpg",7.1
"tY0RWL9k1T8","Boeing Sponsors GoFly","Boeing",28,"Boeing|aviation|aerospace|aircraft|airplanes|jet|innovation|flight|technology|engineering|Commercial Airplanes|787|747|737|767|Dreamliner|defense|space|military|air force|gofly",14893,393,13,40,"https://i.ytimg.com/vi/tY0RWL9k1T8/default.jpg",28.09
"1lOd7rDFYbc","Husky Dog Adopts Stray Cat Saving Her Life | The Dodo: Comeback Kids","The Dodo",15,"animal video|animals|the dodo|Rescue|Animal Rescue|husky|husky videos|husky dogs|huskies|dog videos|cat and dog|cat and dog videos|dog and cat|dog and cat videos|dog and cat best friends|dog adopts cat|dog saves cat|dog rescues cat|cat and dog play|cat dog|dog cat|cat acts like dog|swimming cat|cat swims|dog and kitten|dog rescues kitten|kitten videos|kitten sounds|dog and kitten video|dog adopts kitten|dog cat snuggle|dog kitten snuggle",709460,21175,301,1422,"https://i.ytimg.com/vi/1lOd7rDFYbc/default.jpg",27.09
"VSrEIdhrXB4","How to Build a Teleporter with Aliens","minutephysics",28,"physics|minutephysics|science",432284,17329,671,1651,"https://i.ytimg.com/vi/VSrEIdhrXB4/default.jpg",4.1
"MFoODeZfSD0","Can a Laser Cook Potato Chips?","William Osman",28,"laser cutter|william osman|crappy science|potato chips|cooking|diwhy|how to make potato chips|diy",315513,8229,654,1931,"https://i.ytimg.com/vi/MFoODeZfSD0/default.jpg",27.09
"d8U5funnyA8","Why Does the Mac Mini Exist in 2017?","Austin Evans",28,"mac|mac mini|apple|mac os|cheap mac|budget mac|computer|2017|unboxing|os x|why does this exist|austin evans",896828,20598,1377,2958,"https://i.ytimg.com/vi/d8U5funnyA8/default.jpg",20.09
"8kpD3XCp49o","iPhone 8 Plus vs. Galaxy Note 8 Speed Test","PhoneBuff",28,"iPhone 8 Plus vs Galaxy Note 8 speed test|iPhone 8 vs Note 8 speed test|iPhone 8 Plus vs Galaxy Note 8|speed test|benchmark|phonebuffstyle|Samsung|Apple|Galaxy Note 8|iPhone 8 Plus|performance test",210550,6687,643,3084,"https://i.ytimg.com/vi/8kpD3XCp49o/default.jpg",29.09
"F8i8pnZmk50","Early iPhone 8 vs 8 Plus Unboxing & Comparison!","Jonathan Morrison",28,"iPhone 8|iPhone 8 Plus|iPhone 8 Unboxing|iPhone 8 Review|iPhone 8 vs 8 Plus|unboxing|review|apple|2017|iphone x|iphone 8|iphone|iphone x review|iphone x vs iphone 8|iphone x hands on|apple iphone x|iphone 8 plus|apple iphone 8|iphone 8 hands on|iphone 8 camera|8 plus|iphone 10|iphone 8 release date|iphone 2017|iPhone 8 vs Galaxy S8|ios 11|tld|jonathan morrison|iphone x vs 8|iphone x unboxing",619567,36956,952,5381,"https://i.ytimg.com/vi/F8i8pnZmk50/default.jpg",20.09
"giIP0XdT7SA","Here's Why the 2018 Lexus LC500 Costs $100,000","Doug DeMuro",2,"lexus lc500|lc500|lexus lc|lexus lc 500|lc 500h|lexus coupe|lexus sports car|lexus supercar|v8 lexus|lexus lc500h|lc500h|doug demuro|demuro",1136677,21584,1318,8985,"https://i.ytimg.com/vi/giIP0XdT7SA/default.jpg",16.09
